cod_livro,quantidade
1,42
2,81
8,53
10,145
13,103
14,59
20,39
21,115
26,0
28,24
30,99
31,139
32,104
37,38
40,14
42,68
43,80
45,141
46,75
50,106
54,135
56,134
61,17
65,150
67,68
72,119
73,10
74,142
75,129
77,85
79,28
80,0
86,91
90,49
92,96
95,127
98,85
99,150
100,45
101,136
105,120
107,14
111,140
112,86
113,110
123,138
124,123
128,18
130,149
133,94
139,50
141,98
144,13
145,126
148,71
149,40
150,18
152,68
153,106
154,105
155,126
156,130
157,19
160,91
162,74
163,61
166,133
167,124
169,110
174,36
178,14
179,120
182,138
183,15
185,150
187,12
188,119
192,72
193,20
197,111
198,149
200,99
206,57
215,89
218,0
219,39
220,29
229,68
230,44
231,112
234,7
239,120
246,80
254,107
256,9
259,93
260,90
263,31
267,139
269,33
270,71
271,64
276,1
280,31
282,30
288,28
292,143
293,71
295,126
296,7
298,70
301,91
303,29
305,62
307,66
309,117
311,82
315,44
316,56
318,24
324,30
328,70
333,74
334,65
335,62
336,109
337,64
338,150
340,4
343,69
348,79
356,60
359,127
360,90
362,46
367,18
368,110
369,148
371,127
377,35
388,95
392,29
393,141
397,61
398,83
406,0
408,36
409,37
413,107
414,124
416,72
417,144
425,8
429,2
431,76
434,54
435,20
440,119
441,80
444,115
447,38
453,88
456,88
460,27
461,85
468,37
469,37
476,124
479,0
481,10
485,106
487,69
488,54
490,27
492,69
493,136
495,135
497,108
500,113
502,30
503,82
504,69
505,98
506,114
507,68
509,135
511,21
513,24
518,46
519,24
527,106
528,107
534,76
535,126
536,81
538,47
540,97
545,125
548,120
550,45
552,130
553,70
554,71
557,94
562,103
563,0
564,122
567,38
574,29
575,5
582,100
585,2
593,137
594,135
596,105
598,34
599,124
602,137
604,96
606,29
607,84
611,130
612,87
614,57
616,149
618,118
624,34
627,24
629,28
631,149
633,47
636,72
637,48
638,122
641,117
643,140
646,56
648,1
650,120
654,34
656,24
657,21
658,27
661,30
664,105
665,103
667,25
670,4
671,102
672,21
674,132
678,92
679,19
685,71
686,112
688,123
691,11
692,15
694,54
696,21
697,131
705,1
711,65
718,1
723,1
732,32
733,118
734,0
741,150
744,17
747,1
748,75
749,30
758,94
767,78
770,32
774,95
778,122
781,66
782,108
784,102
787,88
788,135
792,28
795,50
801,144
806,98
808,18
812,108
816,123
817,60
819,69
820,112
823,7
826,35
829,7
831,88
836,33
839,85
845,70
846,54
849,97
852,23
853,118
854,68
856,28
860,47
861,3
863,139
865,20
869,142
873,2
875,66
881,113
883,56
889,10
890,142
891,28
892,52
894,48
895,101
900,96
901,58
903,49
904,133
906,98
908,2
909,88
910,100
912,129
913,77
914,43
918,72
922,21
923,118
925,88
927,89
928,47
930,31
934,26
938,145
939,36
940,85
941,54
942,7
949,79
951,142
954,24
956,145
959,101
961,88
962,125
963,54
970,73
971,15
972,82
973,119
975,126
982,54
983,148
984,54
986,22
1000,123
1002,79
1005,99
1009,2
1010,36
1013,87
1016,135
1018,142
1020,133
1025,36
1027,15
1034,67
1038,127
1041,17
1051,54
1053,134
1058,128
1059,88
1060,50
1062,113
1064,74
1070,57
1072,141
1073,91
1077,132
1083,149
1085,64
1092,47
1096,28
1099,140
1100,130
1104,135
1106,84
1114,145
1117,147
1119,72
1120,95
1123,134
1126,133
1129,32
1134,15
1135,38
1137,97
1138,18
1140,8
1144,129
1145,44
1146,136
1149,146
1150,46
1157,13
1161,76
1166,35
1168,21
1173,94
1174,24
1181,70
1186,120
1189,96
1191,70
1192,33
1196,109
1208,150
1211,58
1216,30
1218,136
1222,8
1227,25
1239,149
1240,25
1247,138
1249,1
1254,46
1255,24
1264,55
1268,116
1275,124
1281,149
1284,44
1288,91
1289,23
1293,133
1297,122
1299,99
1305,43
1309,143
1310,87
1311,97
1312,90
1313,6
1318,27
1319,60
1320,127
1321,79
1322,5
1327,143
1338,7
1339,137
1341,0
1351,83
1352,37
1354,59
1357,21
1358,75
1361,26
1363,143
1364,114
1366,84
1370,130
1372,5
1375,16
1377,20
1378,136
1383,36
1384,130
1387,77
1392,72
1403,52
1405,96
1407,51
1409,35
1412,66
1417,48
1419,89
1421,1
1429,135
1431,62
1434,26
1438,149
1446,138
1449,139
1450,137
1453,79
1456,0
1458,45
1459,143
1461,125
1463,49
1467,25
1470,111
1472,52
1475,73
1480,27
1485,118
1488,8
1490,117
1492,97
1497,103
1499,40
1500,18
1501,43
1504,23
1506,82
1507,139
1508,79
1510,140
1511,26
1518,143
1519,143
1525,98
1531,126
1534,53
1536,111
1537,43
1539,23
1540,130
1543,72
1546,3
1547,144
1553,20
1555,0
1558,46
1559,98
1562,72
1563,7
1564,122
1567,76
1569,84
1570,92
1573,67
1574,99
1576,126
1577,141
1578,81
1579,30
1583,41
1584,124
1585,32
1587,47
1589,60
1590,74
1591,16
1594,107
1597,1
1600,50
1605,116
1610,140
1611,14
1613,27
1615,48
1619,40
1626,130
1631,113
1632,63
1634,89
1635,4
1640,27
1641,94
1642,2
1643,85
1645,32
1646,61
1647,100
1648,126
1653,117
1658,129
1662,45
1667,136
1668,93
1669,81
1671,110
1675,5
1676,91
1680,102
1685,105
1687,88
1688,33
1689,52
1694,106
1696,8
1697,140
1704,122
1705,20
1707,111
1708,30
1712,136
1713,8
1720,74
1721,65
1725,46
1726,92
1728,27
1732,86
1733,34
1736,33
1740,124
1741,32
1743,33
1762,82
1764,147
1765,98
1768,40
1769,145
1770,83
1773,51
1774,12
1775,93
1777,150
1779,35
1783,27
1786,13
1787,114
1792,88
1794,113
1797,144
1798,96
1807,109
1812,40
1813,57
1814,68
1816,62
1817,83
1818,78
1819,32
1822,117
1823,38
1826,140
1830,77
1831,48
1835,57
1837,67
1840,33
1844,104
1845,25
1846,49
1851,35
1853,84
1854,63
1856,53
1861,59
1862,69
1866,113
1869,106
1870,33
1871,61
1873,69
1877,100
1882,112
1885,120
1886,123
1887,29
1895,36
1896,133
1898,20
1899,126
1901,137
1906,22
1911,7
1913,92
1914,97
1917,9
1920,65
1922,47
1927,9
1928,76
1929,107
1931,5
1938,43
1943,64
1944,132
1946,20
1947,80
1956,76
1958,109
1966,100
1969,143
1970,55
1972,50
1975,47
1983,7
1985,8
1986,89
1987,135
1988,51
1990,116
1996,48
1999,135
2004,38
2008,2
2009,36
2013,104
2015,109
2017,40
2018,79
2022,105
2026,123
2028,44
2032,98
2033,101
2034,9
2035,136
2039,111
2040,64
2043,114
2045,145
2052,85
2053,85
2055,75
2059,149
2062,41
2063,17
2067,45
2070,64
2076,51
2080,147
2082,16
2086,90
2088,129
2090,35
2092,83
2094,118
2096,37
2101,31
2103,25
2104,131
2108,21
2110,102
2116,121
2117,140
2119,70
2120,125
2128,41
2132,122
2135,63
2139,38
2140,13
2142,120
2145,22
2146,46
2147,142
2148,18
2149,85
2150,119
2159,102
2161,55
2163,14
2171,71
2174,95
2176,77
2177,40
2179,31
2183,115
2188,39
2193,107
2200,25
2202,75
2203,71
2204,35
2215,38
2219,3
2220,78
2223,34
2225,8
2233,120
2234,93
2235,54
2237,70
2239,133
2240,61
2241,101
2242,22
2243,2
2246,30
2247,11
2249,91
2251,90
2253,12
2254,11
2255,56
2260,56
2261,53
2270,121
2272,118
2274,70
2277,58
2281,20
2290,120
2298,132
2299,124
2302,119
2303,122
2305,91
2310,114
2311,59
2314,150
2315,4
2319,17
2322,135
2325,82
2326,147
2333,137
2355,78
2364,63
2367,22
2368,59
2372,51
2375,141
2385,43
2388,82
2393,129
2395,133
2402,123
2403,102
2405,81
2411,116
2412,101
2413,100
2414,8
2415,20
2416,88
2418,21
2420,29
2422,27
2426,115
2427,149
2437,35
2438,11
2445,116
2450,71
2451,46
2453,135
2458,35
2466,114
2467,37
2468,46
2469,86
2475,17
2477,119
2481,11
2483,79
2487,24
2489,126
2494,65
2495,54
2497,30
2500,103
2505,60
2508,47
2510,143
2511,30
2512,89
2515,35
2516,5
2521,26
2529,49
2531,39
2537,22
2538,111
2539,88
2541,108
2547,6
2554,76
2557,122
2561,134
2562,76
2563,15
2564,79
2565,72
2566,130
2568,75
2569,106
2571,68
2573,109
2577,149
2578,49
2579,28
2585,105
2587,125
2588,39
2592,41
2593,24
2595,138
2600,137
2601,119
2603,146
2611,52
2613,84
2617,130
2621,24
2623,131
2629,112
2630,14
2632,61
2635,42
2636,74
2637,86
2648,141
2652,68
2656,122
2658,79
2660,88
2672,56
2674,82
2675,98
2686,81
2687,1
2688,87
2690,143
2691,10
2693,150
2699,7
2700,115
2701,69
2702,128
2704,9
2706,95
2707,4
2708,132
2712,44
2713,84
2718,50
2719,20
2722,30
2725,93
2727,108
2728,89
2731,49
2732,70
2733,31
2737,123
2739,132
2743,41
2745,147
2747,26
2753,116
2755,134
2759,14
2760,97
2761,77
2767,55
2769,19
2771,41
2777,67
2783,123
2788,86
2789,50
2793,20
2794,45
2795,0
2796,95
2797,138
2801,70
2806,17
2812,6
2814,50
2818,42
2821,143
2824,55
2825,5
2827,71
2828,31
2829,112
2836,48
2837,112
2839,49
2842,48
2845,42
2849,130
2850,96
2853,109
2856,141
2860,83
2862,103
2863,116
2864,51
2865,36
2870,27
2874,146
2876,59
2884,34
2886,118
2887,51
2889,128
2891,144
2892,0
2896,20
2900,12
2901,138
2905,94
2906,95
2909,14
2912,39
2919,110
2922,135
2924,67
2926,137
2928,29
2933,104
2934,0
2939,126
2944,133
2947,66
2949,141
2950,122
2954,148
2955,27
2962,127
2964,120
2966,91
2968,45
2969,125
2971,4
2973,106
2975,146
2978,10
2980,25
2981,150
2983,62
2984,65
2986,131
2989,31
2991,26
2993,16
2995,85
3004,143
3007,76
3008,9
3011,68
3012,87
3013,146
3014,42
3016,149
3018,3
3020,129
3023,124
3026,133
3031,101
3032,70
3033,129
3037,31
3041,103
3044,71
3048,60
3054,117
3059,9
3060,46
3064,103
3067,113
3072,72
3073,120
3075,136
3077,72
3078,112
3081,117
3087,90
3089,18
3094,38
3095,15
3100,122
3102,107
3103,94
3105,135
3107,49
3108,138
3109,10
3110,72
3115,144
3120,47
3121,133
3125,105
3126,1
3127,119
3128,142
3132,97
3135,25
3137,22
3145,75
3146,35
3147,94
3150,100
3151,69
3152,128
3155,30
3157,75
3158,146
3164,92
3170,55
3171,148
3173,47
3176,65
3180,46
3182,133
3189,3
3191,69
3195,1
3196,73
3200,72
3201,15
3209,9
3214,16
3216,1
3218,5
3220,36
3222,87
3224,0
3225,65
3226,107
3227,139
3228,111
3230,29
3231,29
3232,117
3233,124
3236,87
3245,57
3247,133
3254,146
3255,105
3256,106
3259,72
3260,18
3263,108
3264,72
3266,51
3271,21
3274,137
3275,30
3278,33
3282,51
3283,140
3285,86
3286,102
3288,146
3294,32
3295,111
3299,147
3300,116
3306,110
3308,35
3312,101
3315,25
3316,63
3321,79
3325,97
3342,85
3343,72
3345,24
3346,128
3347,123
3348,45
3355,79
3358,11
3360,69
3362,112
3363,122
3367,91
3370,142
3372,69
3382,110
3383,134
3388,57
3391,12
3394,137
3396,97
3398,106
3399,139
3403,67
3405,12
3407,30
3411,89
3414,98
3418,83
3420,63
3421,148
3424,44
3429,26
3430,25
3432,25
3438,51
3441,14
3444,8
3447,0
3449,39
3451,103
3453,34
3455,99
3460,70
3461,33
3463,19
3465,63
3467,6
3473,54
3478,60
3481,21
3482,53
3484,146
3487,79
3489,21
3490,63
3493,54
3494,83
3495,106
3499,70
3504,63
3508,137
3512,42
3518,114
3519,132
3522,85
3529,33
3531,73
3533,26
3534,104
3536,49
3539,63
3541,113
3542,32
3546,80
3552,143
3555,41
3556,106
3559,104
3561,123
3564,93
3565,62
3566,7
3572,103
3575,1
3579,16
3580,139
3584,18
3588,146
3590,48
3591,51
3597,90
3603,98
3604,115
3607,142
3610,61
3611,22
3618,149
3621,17
3622,81
3624,67
3625,64
3630,103
3631,27
3635,122
3643,108
3646,139
3647,143
3650,19
3652,138
3653,131
3657,94
3659,146
3661,41
3664,5
3668,97
3670,4
3671,15
3677,108
3678,62
3680,75
3681,16
3683,40
3688,148
3690,98
3694,69
3697,41
3703,68
3704,19
3705,42
3709,7
3714,39
3721,4
3726,85
3729,56
3730,30
3742,79
3744,68
3745,65
3746,144
3751,96
3752,128
3753,138
3756,38
3760,112
3762,120
3766,117
3768,29
3769,16
3775,68
3776,88
3779,84
3781,36
3783,59
3787,103
3788,114
3789,69
3791,144
3792,0
3795,107
3803,107
3807,62
3810,145
3811,103
3812,48
3814,33
3815,72
3817,106
3819,33
3820,48
3826,149
3828,75
3830,132
3831,118
3835,115
3847,140
3848,33
3850,127
3852,122
3857,76
3867,143
3869,80
3878,33
3884,110
3885,5
3886,125
3888,81
3891,21
3895,5
3896,114
3897,36
3899,145
3900,129
3906,27
3908,95
3910,91
3915,71
3918,114
3933,72
3937,70
3940,124
3945,88
3948,109
3949,101
3952,50
3954,122
3959,130
3966,42
3978,101
3979,37
3980,72
3982,19
3984,37
3986,20
3991,10
3992,104
3993,56
3994,101
3999,72
4002,43
4004,82
4017,51
4024,117
4025,105
4026,63
4027,25
4032,108
4036,72
4038,2
4045,51
4046,12
4051,35
4052,51
4057,127
4058,41
4060,140
4065,110
4067,17
4074,14
4076,30
4078,59
4079,136
4081,113
4082,59
4084,94
4087,12
4091,121
4092,30
4093,143
4099,37
4100,147
4102,44
4103,26
4105,38
4106,132
4111,14
4114,2
4115,136
4118,74
4120,104
4126,18
4132,6
4133,78
4140,112
4142,146
4143,123
4145,150
4147,145
4148,14
4150,115
4152,14
4153,45
4163,129
4164,71
4168,78
4169,105
4176,150
4178,91
4180,101
4182,77
4184,101
4185,92
4187,5
4189,20
4190,121
4195,96
4197,44
4200,64
4201,21
4203,59
4205,105
4207,69
4208,111
4209,147
4218,32
4220,95
4231,91
4234,0
4237,77
4241,86
4243,105
4245,30
4249,38
4253,38
4255,19
4256,5
4257,141
4258,149
4262,19
4265,76
4267,121
4282,73
4284,121
4290,26
4291,127
4292,59
4298,82
4299,100
4301,82
4314,131
4315,61
4316,99
4320,141
4323,95
4324,99
4328,142
4329,6
4334,43
4340,57
4342,85
4343,94
4347,112
4351,72
4352,50
4356,68
4357,8
4359,50
4360,121
4361,48
4362,16
4363,58
4370,150
4378,59
4380,143
4385,141
4389,70
4391,48
4393,107
4394,106
4397,14
4399,16
4401,106
4402,78
4405,149
4406,38
4407,24
4408,99
4413,16
4414,35
4419,27
4423,79
4432,82
4434,78
4443,103
4444,130
4445,20
4449,32
4452,38
4453,33
4456,87
4459,39
4460,141
4461,137
4462,106
4465,114
4467,129
4472,31
4473,110
4477,12
4478,145
4479,5
4480,7
4482,30
4485,5
4495,133
4497,64
4502,95
4506,104
4511,74
4512,114
4517,142
4520,67
4522,125
4526,76
4533,56
4535,45
4537,12
4538,38
4544,49
4545,142
4548,40
4551,84
4560,61
4561,77
4565,38
4566,104
4569,14
4577,2
4580,128
4586,52
4587,15
4588,33
4592,45
4596,15
4597,75
4602,127
4605,13
4606,136
4610,40
4612,67
4616,31
4622,20
4623,114
4624,129
4633,32
4634,86
4636,143
4638,105
4641,102
4647,2
4653,23
4656,25
4657,58
4658,142
4661,105
4666,42
4677,126
4680,81
4681,109
4683,76
4686,99
4692,8
4693,40
4695,25
4696,40
4697,138
4698,124
4709,65
4710,85
4711,87
4713,95
4715,129
4716,120
4717,9
4718,31
4719,85
4722,38
4726,11
4730,49
4734,112
4736,67
4737,56
4738,95
4739,29
4744,131
4750,139
4752,40
4754,47
4759,14
4760,119
4761,5
4762,81
4764,64
4767,25
4773,21
4774,108
4775,114
4780,24
4786,40
4788,24
4789,80
4790,59
4794,85
4795,12
4800,130
4802,74
4807,39
4809,68
4810,84
4813,133
4814,86
4815,109
4824,130
4827,41
4828,95
4831,116
4832,5
4833,87
4834,35
4840,146
4842,117
4843,31
4852,141
4854,132
4859,33
4865,53
4866,21
4867,87
4870,55
4871,135
4874,50
4878,0
4879,93
4880,145
4883,145
4887,117
4888,104
4893,22
4895,18
4896,77
4899,60
4900,38
4913,113
4914,123
4921,124
4924,7
4926,137
4931,125
4934,97
4940,20
4949,91
4951,106
4953,131
4957,92
4961,126
4962,39
4964,55
4969,42
4970,40
4972,14
4976,77
4977,5
4982,45
4985,90
4986,110
4988,52
4989,60
4990,4
4992,114
4994,62
5002,49
5003,41
5005,57
5010,74
5011,106
5018,59
5022,72
5025,113
5026,36
5032,97
5033,25
5037,118
5042,82
5044,63
5049,51
5050,23
5051,80
5052,139
5053,114
5056,105
5057,102
5061,35
5067,85
5068,93
5076,119
5077,150
5083,89
5086,84
5097,71
5098,63
5100,37
5101,143
5104,42
5105,113
5106,44
5113,93
5115,143
5116,94
5118,142
5119,46
5122,48
5124,119
5126,94
5130,73
5134,39
5140,34
5142,64
5143,118
5152,32
5153,82
5155,64
5162,57
5164,38
5166,25
5171,136
5173,33
5174,21
5175,124
5177,73
5178,116
5183,130
5188,70
5192,40
5194,111
5195,85
5198,14
5199,82
5208,144
5209,137
5211,142
5219,73
5221,95
5222,142
5227,79
5228,140
5229,108
5234,137
5239,22
5240,52
5244,123
5259,74
5260,63
5263,128
5266,76
5270,30
5276,108
5278,105
5281,35
5282,3
5285,1
5288,76
5294,13
5295,108
5299,41
5300,78
5306,147
5307,66
5308,67
5311,30
5312,23
5313,101
5315,141
5316,16
5317,88
5318,141
5324,107
5327,98
5332,41
5333,116
5337,46
5340,113
5343,69
5344,147
5345,50
5349,51
5351,80
5355,92
5358,90
5360,42
5363,85
5364,62
5371,40
5372,150
5377,148
5380,32
5381,146
5387,28
5391,134
5400,106
5402,47
5403,76
5412,24
5414,108
5416,87
5417,149
5419,147
5420,125
5423,62
5427,137
5428,20
5435,64
5436,147
5437,93
5441,134
5447,125
5453,47
5456,125
5458,122
5461,33
5463,79
5464,9
5469,104
5472,120
5477,72
5479,58
5480,81
5488,31
5490,23
5492,144
5493,148
5495,31
5500,144
5501,31
5502,72
5508,15
5513,146
5514,51
5518,21
5519,96
5522,52
5523,1
5524,46
5530,41
5531,3
5533,50
5537,28
5545,60
5549,60
5552,110
5555,63
5557,0
5559,100
5562,92
5566,91
5567,30
5570,34
5574,56
5575,52
5577,145
5584,6
5585,132
5587,48
5589,145
5592,81
5595,89
5596,74
5600,28
5601,138
5602,137
5608,88
5609,30
5614,59
5616,132
5618,113
5620,146
5623,52
5626,143
5627,135
5628,55
5634,43
5635,58
5645,55
5646,19
5651,66
5660,105
5664,115
5665,55
5667,75
5669,8
5673,20
5678,53
5685,146
5687,145
5690,68
5696,75
5698,93
5701,150
5702,43
5703,62
5709,85
5710,81
5715,117
5717,148
5719,84
5721,23
5722,137
5731,145
5733,13
5738,98
5739,88
5740,84
5741,142
5746,104
5748,104
5750,54
5752,150
5756,45
5757,124
5763,45
5765,124
5766,137
5767,136
5768,136
5769,96
5777,60
5783,136
5784,16
5786,62
5789,87
5791,22
5793,86
5795,7
5801,91
5804,111
5808,4
5819,38
5821,45
5824,97
5839,108
5842,107
5843,90
5846,17
5851,146
5852,119
5854,2
5856,71
5858,43
5860,145
5861,32
5862,29
5863,44
5865,12
5869,90
5872,1
5877,6
5878,122
5879,10
5880,138
5882,39
5892,45
5894,13
5896,116
5900,122
5915,83
5917,119
5918,35
5923,136
5926,33
5928,33
5931,82
5932,22
5937,81
5940,80
5941,52
5944,58
5948,30
5949,3
5951,50
5954,29
5959,42
5961,93
5962,17
5966,26
5970,133
5973,128
5976,75
5984,90
5987,97
5988,146
5990,75
5991,112
5993,0
5998,20
6000,40
6001,21
6003,88
6005,30
6011,61
6012,58
6013,57
6015,138
6017,2
6022,14
6031,62
6036,63
6041,134
6045,84
6048,129
6053,130
6057,37
6058,9
6060,28
6062,62
6064,51
6071,66
6074,143
6075,15
6077,7
6082,97
6084,120
6086,95
6089,106
6091,73
6093,26
6095,54
6098,76
6100,58
6101,43
6106,38
6107,75
6113,57
6117,92
6131,92
6140,10
6142,62
6149,80
6155,95
6163,68
6166,130
6176,51
6178,109
6180,35
6189,125
6192,84
6194,29
6199,69
6201,97
6209,75
6215,57
6217,67
6221,137
6225,57
6229,90
6230,90
6233,13
6234,149
6236,51
6238,62
6240,116
6245,49
6250,134
6256,0
6262,146
6268,22
6271,102
6277,41
6278,69
6280,21
6281,32
6283,121
6284,142
6292,25
6294,91
6295,43
6297,12
6298,148
6299,118
6300,38
6301,46
6302,142
6304,115
6305,107
6306,78
6311,23
6312,6
6313,19
6314,23
6315,51
6317,57
6318,51
6319,39
6324,8
6325,134
6326,101
6327,69
6330,125
6333,142
6335,24
6340,49
6341,51
6346,102
6349,140
6350,16
6352,139
6358,76
6359,18
6363,68
6368,54
6369,137
6374,75
6377,42
6381,62
6382,107
6386,129
6388,57
6389,132
6393,115
6396,67
6397,80
6400,55
6409,96
6411,37
6412,100
6419,95
6421,128
6429,65
6432,140
6434,64
6438,109
6440,34
6442,57
6444,56
6445,144
6448,61
6449,61
6454,39
6455,91
6457,26
6458,5
6460,70
6461,46
6463,80
6465,20
6470,25
6471,66
6474,40
6475,42
6477,25
6478,38
6486,76
6487,2
6488,5
6492,66
6496,64
6500,15
6511,18
6520,38
6523,68
6527,65
6532,148
6537,150
6541,76
6542,145
6548,137
6549,82
6551,102
6557,28
6560,138
6563,59
6566,80
6568,106
6574,124
6577,21
6580,30
6581,16
6585,8
6586,14
6591,23
6593,82
6596,3
6597,136
6599,34
6600,37
6603,54
6608,53
6612,111
6614,150
6615,89
6619,86
6622,58
6624,5
6625,11
6628,91
6630,1
6633,75
6639,85
6640,149
6641,143
6646,110
6648,52
6651,72
6656,33
6657,71
6659,112
6664,46
6666,114
6671,132
6673,92
6687,60
6692,4
6693,74
6694,145
6698,87
6703,75
6704,57
6707,14
6708,36
6714,68
6716,16
6720,138
6722,67
6726,29
6730,3
6733,110
6743,18
6745,23
6748,137
6749,18
6751,126
6752,124
6755,108
6757,85
6758,135
6759,69
6761,16
6762,119
6768,18
6773,27
6777,7
6778,140
6779,107
6782,92
6787,1
6790,29
6792,144
6793,8
6796,28
6801,63
6802,58
6804,108
6809,4
6813,55
6816,78
6819,24
6821,27
6824,127
6826,15
6833,32
6835,125
6836,88
6838,114
6839,85
6842,56
6843,89
6846,1
6855,104
6856,140
6857,114
6859,44
6862,100
6864,85
6865,116
6870,17
6872,3
6873,73
6874,103
6875,141
6878,17
6879,9
6881,52
6884,47
6885,73
6886,67
6888,94
6893,13
6894,6
6895,17
6902,18
6909,131
6911,36
6912,146
6913,6
6917,69
6921,49
6922,89
6924,36
6927,47
6928,73
6929,141
6931,135
6932,88
6938,142
6940,111
6948,111
6950,47
6955,94
6960,16
6963,119
6964,63
6965,83
6966,88
6970,14
6974,124
6975,84
6985,19
6988,112
6989,82
6990,8
6991,92
6992,90
6993,8
6998,72
7000,65
7004,59
7005,33
7010,134
7012,59
7018,52
7019,126
7022,20
7023,133
7026,144
7027,85
7029,126
7032,92
7038,72
7039,149
7042,98
7044,41
7049,148
7054,67
7061,86
7062,119
7063,8
7067,114
7068,134
7074,70
7075,137
7076,24
7077,13
7079,9
7083,10
7086,1
7096,141
7097,81
7098,54
7100,57
7101,75
7107,102
7108,113
7124,129
7125,56
7126,76
7127,54
7128,136
7133,62
7140,59
7141,21
7143,64
7147,119
7148,82
7149,57
7153,130
7156,46
7160,43
7165,16
7166,7
7169,49
7170,149
7171,142
7172,141
7174,120
7175,68
7177,83
7181,38
7183,133
7194,123
7198,99
7201,2
7206,128
7209,47
7210,75
7221,60
7223,81
7229,150
7236,1
7240,29
7241,142
7243,30
7246,12
7249,67
7257,38
7261,57
7264,13
7270,85
7271,148
7274,55
7275,116
7279,80
7280,8
7281,133
7282,56
7284,140
7288,138
7289,80
7292,71
7294,120
7297,10
7300,4
7305,108
7309,58
7310,79
7313,40
7317,148
7320,17
7322,138
7323,131
7325,62
7328,14
7329,123
7334,39
7335,121
7336,20
7337,13
7346,36
7348,77
7350,32
7351,147
7352,40
7355,131
7359,92
7368,86
7369,126
7370,140
7374,118
7381,9
7383,58
7384,140
7385,83
7387,139
7389,120
7397,14
7398,108
7403,77
7404,69
7409,147
7410,105
7411,143
7412,53
7416,143
7419,105
7422,94
7425,110
7427,108
7432,42
7434,47
7442,90
7443,96
7446,140
7447,47
7450,76
7453,119
7454,70
7455,51
7460,81
7461,102
7463,15
7464,82
7467,1
7471,10
7473,126
7477,17
7480,36
7481,120
7482,7
7484,69
7486,17
7487,66
7488,51
7492,3
7496,25
7497,45
7498,85
7499,23
7505,20
7506,49
7507,85
7516,67
7519,71
7520,142
7523,18
7530,39
7531,59
7532,81
7533,117
7535,117
7536,58
7544,63
7545,129
7548,137
7550,19
7553,119
7557,54
7562,34
7564,109
7566,98
7567,70
7571,121
7573,124
7580,35
7584,134
7590,133
7592,18
7598,112
7606,35
7609,80
7610,8
7611,70
7627,122
7631,103
7632,135
7635,36
7638,5
7639,74
7641,62
7642,46
7645,97
7649,83
7653,17
7655,104
7666,119
7668,81
7669,131
7673,50
7676,117
7677,64
7680,63
7681,131
7684,71
7686,26
7687,115
7690,55
7691,66
7693,84
7696,115
7699,76
7702,77
7709,71
7721,99
7733,135
7742,50
7743,143
7746,30
7747,85
7748,110
7750,16
7755,44
7758,34
7766,81
7767,43
7769,24
7772,17
7773,75
7774,77
7782,65
7785,64
7787,37
7789,95
7793,92
7795,17
7796,139
7804,96
7809,36
7810,109
7813,126
7815,4
7817,121
7823,81
7827,77
7828,137
7833,15
7835,107
7836,106
7837,74
7842,48
7843,50
7847,91
7854,147
7855,65
7859,54
7860,83
7868,7
7879,86
7883,136
7887,10
7890,134
7891,39
7896,3
7898,78
7899,18
7902,16
7908,150
7919,34
7920,123
7926,110
7929,60
7930,129
7931,26
7935,117
7936,90
7938,16
7941,137
7944,129
7947,137
7948,51
7951,92
7953,148
7956,93
7961,67
7965,63
7969,69
7970,26
7971,47
7973,77
7975,20
7977,60
7978,55
7980,81
7981,23
7984,65
7985,82
7986,101
7987,32
7989,73
7991,21
7992,32
7996,103
7999,16
8000,129
8004,150
8012,138
8014,26
8020,5
8021,45
8025,68
8032,59
8034,14
8036,34
8039,0
8041,132
8042,53
8043,87
8045,126
8046,34
8048,3
8052,46
8054,146
8055,31
8056,132
8064,70
8067,113
8069,136
8074,142
8076,125
8081,126
8086,83
8087,50
8092,10
8097,85
8100,108
8101,76
8106,57
8107,69
8125,71
8128,15
8129,78
8131,22
8134,102
8137,131
8138,12
8143,103
8144,122
8145,47
8149,72
8151,150
8152,20
8153,35
8158,92
8160,138
8161,51
8163,129
8165,25
8169,132
8171,14
8173,19
8179,3
8180,107
8186,129
8189,142
8191,13
8193,54
8197,52
8201,119
8208,33
8218,122
8219,84
8225,149
8226,56
8227,104
8230,105
8232,79
8239,31
8240,73
8241,70
8243,104
8249,91
8253,1
8257,48
8258,128
8261,117
8263,73
8265,142
8268,109
8274,100
8279,105
8284,80
8285,57
8286,65
8289,44
8296,137
8298,55
8300,126
8304,47
8305,57
8306,117
8309,87
8314,142
8316,42
8318,74
8325,79
8326,95
8336,91
8337,29
8342,51
8343,66
8351,47
8353,38
8355,104
8357,77
8360,52
8363,55
8370,106
8371,15
8372,117
8375,62
8376,66
8378,137
8380,7
8382,51
8385,48
8387,54
8399,63
8403,68
8408,114
8412,97
8416,101
8417,88
8420,101
8421,80
8423,26
8427,110
8428,127
8430,116
8431,63
8433,129
8437,80
8445,141
8448,80
8450,147
8451,75
8452,144
8455,144
8463,39
8467,130
8468,136
8469,126
8472,74
8473,12
8476,26
8478,24
8487,123
8488,4
8492,120
8493,114
8498,2
8499,137
8501,24
8503,18
8506,150
8511,125
8512,31
8513,39
8515,139
8518,129
8523,115
8524,86
8527,13
8533,94
8539,35
8540,67
8543,8
8545,131
8547,89
8550,108
8554,130
8556,80
8557,31
8563,4
8565,23
8566,48
8568,79
8572,113
8580,54
8581,21
8588,42
8592,123
8594,16
8597,63
8600,57
8601,124
8602,68
8604,25
8607,126
8608,118
8610,72
8613,118
8614,117
8615,51
8617,44
8619,137
8620,113
8622,146
8626,49
8627,49
8631,85
8634,138
8635,122
8639,51
8640,26
8641,132
8642,67
8643,90
8646,34
8648,115
8649,128
8651,22
8653,150
8655,54
8656,21
8659,82
8662,46
8664,82
8665,51
8671,84
8675,28
8680,142
8681,127
8683,128
8691,68
8697,95
8699,101
8702,55
8707,45
8708,139
8709,77
8713,24
8714,20
8719,12
8726,52
8727,8
8729,140
8730,42
8733,62
8735,48
8736,67
8737,149
8739,29
8741,86
8742,110
8743,3
8754,110
8756,108
8766,1
8768,38
8771,132
8772,92
8774,19
8775,67
8780,14
8781,34
8782,99
8785,97
8786,9
8793,112
8794,119
8796,88
8798,91
8801,98
8805,103
8810,50
8811,41
8818,75
8820,19
8821,112
8822,55
8825,88
8831,148
8836,23
8838,47
8839,11
8840,119
8843,2
8845,129
8847,88
8851,46
8853,10
8855,69
8856,78
8858,44
8867,71
8872,70
8873,141
8883,49
8884,85
8886,111
8889,27
8891,5
8893,84
8899,3
8900,150
8901,72
8902,100
8903,127
8908,40
8909,84
8911,50
8918,14
8920,130
8927,149
8930,138
8933,130
8934,107
8935,83
8938,150
8944,133
8946,8
8950,52
8954,39
8956,18
8957,56
8960,71
8965,47
8966,60
8967,119
8969,146
8976,138
8978,99
8979,144
8986,75
8987,119
8990,34
9000,94
9003,1
9009,142
9011,114
9012,9
9015,71
9017,0
9018,29
9021,142
9023,28
9025,98
9027,108
9028,8
9030,15
9036,112
9038,110
9039,40
9040,121
9041,3
9045,134
9047,140
9052,115
9054,129
9056,94
9057,89
9060,63
9069,143
9070,43
9072,62
9073,143
9074,62
9075,149
9076,128
9077,26
9079,89
9081,44
9091,47
9092,5
9094,116
9101,138
9102,144
9103,72
9105,19
9107,74
9108,77
9109,1
9111,29
9112,137
9115,76
9117,93
9122,22
9124,116
9125,135
9129,118
9131,115
9136,132
9139,132
9143,26
9145,38
9146,85
9149,135
9153,122
9154,104
9155,106
9160,102
9163,90
9164,63
9165,33
9166,101
9167,19
9172,10
9175,11
9182,80
9185,33
9187,127
9190,78
9195,17
9196,105
9197,80
9198,32
9204,144
9206,39
9207,126
9219,39
9224,31
9225,15
9226,34
9228,0
9234,105
9236,109
9239,112
9241,51
9242,128
9243,125
9244,82
9245,112
9248,17
9249,94
9250,3
9252,124
9253,21
9255,119
9256,74
9257,145
9259,14
9262,80
9263,149
9264,86
9270,109
9287,11
9295,63
9297,143
9303,51
9305,72
9306,55
9312,20
9314,58
9320,25
9325,105
9331,97
9334,100
9344,18
9345,54
9348,121
9349,101
9351,4
9355,30
9357,89
9363,85
9370,53
9373,118
9374,131
9375,128
9376,122
9377,99
9379,9
9381,50
9385,135
9392,29
9394,135
9395,57
9399,145
9400,18
9401,66
9402,60
9404,149
9410,110
9412,42
9415,4
9417,139
9422,64
9428,127
9432,2
9438,138
9441,131
9444,32
9446,129
9448,146
9450,104
9452,143
9453,123
9457,111
9460,38
9465,100
9471,111
9473,58
9474,69
9475,31
9477,139
9479,122
9481,116
9492,63
9494,132
9495,42
9498,34
9500,105
9502,41
9507,44
9509,53
9511,40
9514,120
9518,47
9519,96
9523,60
9530,65
9531,124
9532,27
9535,141
9538,26
9540,45
9544,38
9548,140
9554,77
9557,63
9559,117
9563,122
9564,145
9567,143
9571,64
9572,81
9577,117
9579,57
9580,76
9584,73
9587,92
9591,112
9597,115
9601,65
9603,74
9605,44
9606,132
9607,66
9608,111
9613,126
9616,0
9619,56
9621,3
9623,139
9630,10
9633,81
9634,52
9636,18
9638,134
9639,22
9641,75
9642,12
9644,52
9647,74
9649,118
9650,67
9653,10
9654,96
9655,6
9656,69
9657,84
9659,24
9664,42
9666,80
9670,126
9671,110
9672,49
9674,56
9682,93
9684,48
9685,21
9689,12
9691,51
9692,10
9693,136
9707,17
9709,74
9713,24
9717,0
9723,134
9725,142
9730,106
9733,31
9735,130
9736,36
9740,67
9744,41
9745,52
9756,129
9760,39
9769,93
9776,26
9778,69
9784,70
9787,93
9789,129
9791,99
9793,26
9795,100
9796,51
9801,137
9806,150
9809,48
9810,110
9811,3
9815,112
9816,100
9819,6
9820,34
9821,0
9822,142
9824,4
9831,73
9832,69
9833,32
9835,85
9842,2
9848,54
9849,100
9851,82
9854,81
9856,57
9859,18
9860,106
9863,28
9864,139
9867,20
9871,85
9874,146
9885,71
9886,106
9892,129
9895,146
9896,115
9900,74
9901,93
9908,57
9910,110
9915,80
9923,117
9924,147
9925,13
9927,114
9929,8
9933,100
9936,62
9938,126
9940,10
9943,75
9945,142
9946,149
9947,10
9949,89
9954,130
9956,14
9963,50
9964,67
9966,88
9971,35
9974,66
9980,95
9988,29
9996,101
9998,43
10000,57
10004,107
10007,106
10008,6
10011,101
10016,110
10017,117
10018,121
10019,15
10023,132
10028,100
10029,88
10032,54
10034,70
10038,77
10046,121
10047,22
10050,64
10057,92
10064,7
10065,110
10066,139
10070,26
10071,142
10073,120
10078,106
10081,143
10082,14
10086,97
10088,67
10089,92
10091,32
10097,106
10100,0
10102,86
10106,140
10108,88
10109,108
10111,26
10112,27
10114,34
10116,132
10117,90
10126,102
10128,128
10138,63
10139,33
10141,0
10142,34
10144,58
10149,72
10151,127
10153,83
10155,112
10156,128
10158,99
10166,92
10168,70
10172,45
10173,118
10178,146
10180,91
10181,23
10182,76
10185,129
10187,102
10190,9
10191,73
10192,8
10198,34
10199,116
10202,61
10204,97
10205,5
10209,38
10215,132
10217,84
10219,51
10222,86
10223,99
10226,142
10227,42
10228,63
10233,16
10238,80
10243,19
10245,136
10248,91
10249,112
10250,128
10251,24
10255,60
10258,32
10259,44
10261,34
10264,94
10266,36
10268,82
10271,128
10284,83
10285,47
10293,137
10296,134
10297,119
10298,89
10299,52
10306,88
10307,91
10308,143
10311,150
10312,20
10317,0
10320,102
10322,14
10327,123
10331,66
10337,34
10338,74
10339,99
10341,25
10342,139
10343,32
10345,20
10351,100
10354,60
10357,31
10358,78
10359,109
10361,120
10366,150
10368,33
10369,61
10377,58
10379,100
10381,132
10382,64
10388,112
10390,99
10392,145
10395,14
10396,35
10398,145
10399,93
10406,16
10413,142
10414,68
10417,59
10419,147
10424,130
10426,44
10427,84
10428,110
10430,100
10431,25
10432,27
10433,27
10437,112
10439,9
10440,92
10441,9
10444,76
10450,39
10453,69
10454,112
10455,40
10459,123
10461,103
10463,84
10467,106
10469,64
10473,56
10474,123
10483,112
10488,109
10490,52
10492,121
10497,107
10500,91
10501,58
10505,107
10506,62
10507,144
10511,126
10512,100
10518,66
10520,4
10525,41
10533,27
10535,128
10537,47
10539,3
10542,1
10545,107
10548,79
10549,7
10550,89
10557,17
10559,15
10561,81
10579,57
10582,39
10583,136
10586,26
10591,43
10594,134
10597,106
10598,54
10606,84
10608,86
10610,95
10611,80
10612,121
10615,0
10617,101
10623,133
10624,105
10625,17
10626,37
10627,110
10630,58
10632,137
10636,64
10642,71
10647,44
10648,140
10649,137
10650,135
10652,110
10653,139
10658,13
10659,59
10663,9
10668,41
10671,29
10679,81
10681,48
10682,16
10683,37
10690,13
10697,135
10700,55
10702,108
10705,110
10710,111
10711,76
10717,27
10720,12
10721,109
10726,54
10727,77
10729,3
10732,79
10733,73
10734,102
10736,29
10737,54
10742,96
10747,84
10748,28
10750,96
10753,67
10754,80
10755,145
10759,91
10761,105
10764,21
10768,149
10771,32
10772,13
10773,136
10776,103
10778,5
10782,92
10784,49
10786,136
10797,115
10799,121
10807,134
10808,114
10809,83
10811,10
10818,49
10823,67
10826,79
10827,27
10828,127
10829,139
10830,67
10834,8
10835,11
10836,31
10837,25
10839,6
10840,64
10846,145
10854,146
10856,10
10859,146
10871,6
10874,150
10878,127
10881,140
10885,89
10886,51
10889,15
10891,130
10892,123
10895,73
10896,51
10901,61
10905,6
10910,100
10915,118
10916,99
10917,147
10920,82
10921,86
10928,9
10933,25
10936,59
10937,122
10942,95
10944,21
10947,149
10948,42
10949,103
10951,94
10952,105
10955,5
10959,14
10961,78
10967,140
10968,63
10970,140
10971,55
10986,114
10987,43
10990,121
10993,130
10995,136
10999,24
11002,149
11007,42
11008,33
11009,133
11010,123
11016,38
11018,150
11019,133
11022,0
11026,89
11031,12
11032,39
11033,104
11034,75
11037,128
11043,92
11045,21
11047,23
11050,80
11051,13
11057,90
11059,96
11061,8
11065,95
11069,76
11071,53
11074,15
11077,32
11078,60
11080,147
11081,135
11082,101
11083,123
11089,144
11090,68
11091,63
11092,137
11094,90
11097,29
11102,29
11104,39
11109,50
11112,59
11113,69
11116,39
11117,133
11119,127
11124,4
11125,7
11128,28
11129,109
11131,65
11132,149
11145,147
11150,120
11153,51
11154,19
11155,117
11158,68
11159,104
11160,119
11163,0
11165,94
11167,7
11171,113
11172,11
11174,25
11181,37
11182,96
11184,41
11185,26
11186,80
11187,108
11193,123
11198,115
11199,1
11202,133
11203,22
11204,66
11205,7
11207,36
11208,109
11209,139
11212,57
11214,93
11216,53
11224,92
11226,114
11228,83
11230,116
11234,98
11236,80
11239,28
11245,71
11247,115
11251,43
11255,108
11256,38
11260,3
11261,137
11263,113
11264,36
11268,19
11269,107
11271,14
11274,92
11281,49
11282,32
11284,144
11287,99
11292,71
11294,39
11299,132
11302,5
11303,7
11306,40
11310,46
11311,80
11312,3
11313,76
11314,21
11316,72
11324,81
11327,8
11331,114
11332,1
11335,103
11336,68
11344,13
11347,2
11348,30
11352,79
11353,145
11355,128
11358,79
11363,69
11365,133
11366,3
11368,60
11369,54
11372,119
11374,32
11375,7
11376,136
11382,41
11383,94
11384,145
11387,66
11388,51
11391,90
11393,13
11399,88
11405,136
11406,135
11409,123
11411,122
11412,53
11413,40
11414,67
11415,12
11418,47
11421,131
11426,16
11430,27
11431,31
11437,88
11438,5
11440,121
11449,133
11453,33
11458,150
11460,79
11462,99
11463,13
11466,57
11467,103
11469,26
11475,105
11476,127
11489,50
11491,19
11493,9
11497,102
11498,66
11500,111
11505,61
11506,87
11507,97
11508,129
11510,61
11511,16
11513,90
11515,117
11521,70
11522,125
11523,11
11526,91
11528,54
11530,79
11531,40
11532,150
11533,58
11536,43
11538,87
11548,108
11551,48
11552,10
11558,13
11560,111
11563,141
11572,139
11574,113
11579,72
11581,56
11585,105
11586,87
11590,104
11591,150
11592,12
11594,25
11597,125
11598,149
11604,3
11605,79
11606,69
11609,61
11618,0
11621,143
11625,30
11626,27
11627,135
11628,109
11630,116
11632,38
11636,17
11637,4
11639,123
11641,38
11647,1
11649,9
11650,148
11653,22
11654,135
11657,143
11658,55
11661,111
11664,150
11665,11
11672,77
11677,135
11682,90
11687,20
11688,70
11689,33
11696,136
11702,42
11705,77
11707,85
11709,25
11712,15
11719,121
11720,62
11722,23
11723,93
11725,128
11728,139
11729,6
11731,58
11732,41
11736,127
11737,130
11740,62
11742,89
11743,0
11745,150
11749,94
11751,134
11756,143
11758,107
11761,38
11763,22
11765,135
11767,82
11769,84
11774,65
11778,122
11779,54
11780,54
11782,137
11783,135
11786,20
11788,71
11789,10
11791,60
11797,127
11798,46
11800,129
11801,69
11804,9
11808,70
11809,6
11811,98
11812,133
11813,80
11819,58
11823,74
11824,131
11831,150
11835,115
11837,59
11842,145
11844,15
11846,18
11853,91
11854,111
11856,47
11857,75
11858,59
11860,97
11863,60
11866,16
11868,3
11871,146
11872,86
11873,85
11879,13
11890,80
11896,145
11902,123
11907,94
11910,102
11915,117
11917,47
11921,100
11924,8
11925,50
11927,42
11928,109
11933,28
11934,15
11939,60
11941,35
11943,62
11944,142
11946,45
11948,18
11949,33
11955,50
11957,36
11961,2
11965,27
11966,29
11969,131
11973,23
11975,91
11987,90
11988,50
11989,102
11990,134
11991,110
11994,106
11995,50
12006,61
12009,127
12011,2
12025,15
12031,115
12032,21
12035,129
12036,99
12039,101
12040,53
12044,118
12048,2
12052,118
12055,28
12059,51
12061,105
12062,140
12064,91
12070,96
12071,104
12074,147
12076,131
12082,127
12085,73
12090,2
12092,62
12093,121
12094,134
12095,29
12096,106
12097,129
12098,83
12099,99
12100,63
12104,0
12105,140
12110,122
12111,111
12115,135
12118,86
12122,32
12125,58
12126,17
12128,28
12130,132
12132,76
12134,73
12136,130
12140,78
12145,0
12148,113
12161,58
12163,82
12166,145
12167,97
12175,69
12183,116
12184,78
12199,19
12200,36
12202,17
12208,45
12209,47
12212,116
12214,83
12217,125
12218,13
12220,103
12222,35
12223,148
12225,16
12228,46
12231,51
12232,106
12233,126
12235,101
12237,1
12243,145
12244,79
12248,82
12252,114
12257,91
12261,128
12266,98
12267,106
12269,17
12275,20
12280,57
12281,123
12284,35
12290,47
12295,121
12301,45
12303,121
12310,64
12312,129
12317,41
12318,91
12325,38
12326,52
12327,85
12332,36
12334,95
12336,123
12338,43
12339,4
12340,78
12346,75
12347,73
12348,131
12352,1
12353,33
12359,136
12364,25
12366,66
12368,72
12374,55
12392,123
12393,109
12398,143
12404,9
12406,42
12407,6
12409,69
12415,133
12417,3
12420,11
12422,13
12424,117
12426,51
12428,114
12432,95
12437,149
12438,148
12439,67
12440,108
12442,115
12443,87
12445,92
12448,62
12451,27
12457,27
12465,113
12470,82
12472,146
12473,101
12476,35
12477,111
12480,115
12482,42
12493,43
12500,34
12505,144
12510,6
12512,97
12517,124
12520,119
12521,89
12524,143
12525,119
12527,131
12530,99
12537,100
12539,111
12542,124
12543,85
12545,139
12549,72
12551,58
12552,39
12558,38
12559,104
12564,14
12574,42
12576,44
12577,123
12580,35
12582,72
12586,46
12591,90
12593,130
12594,78
12595,80
12597,96
12598,137
12601,78
12605,18
12609,28
12610,73
12611,148
12616,4
12621,22
12626,35
12629,39
12632,135
12633,22
12634,115
12635,14
12636,145
12637,91
12639,119
12640,147
12644,71
12646,57
12647,96
12650,75
12657,121
12658,83
12667,20
12668,85
12669,29
12670,130
12672,19
12673,98
12674,31
12678,120
12681,44
12685,82
12686,136
12688,17
12689,127
12695,43
12696,139
12697,75
12699,131
12703,72
12709,129
12710,104
12714,89
12717,128
12719,26
12721,115
12723,85
12725,131
12726,56
12733,135
12739,79
12740,148
12744,134
12746,48
12747,9
12757,21
12758,59
12762,88
12763,127
12764,122
12766,150
12772,51
12776,58
12784,42
12788,132
12791,12
12793,95
12795,54
12798,3
12800,142
12802,69
12803,70
12808,117
12810,76
12813,146
12818,92
12819,117
12821,92
12824,142
12827,108
12831,48
12836,72
12838,30
12840,113
12841,19
12842,47
12846,41
12851,136
12853,14
12856,107
12861,116
12868,35
12870,130
12871,149
12873,50
12875,5
12876,33
12878,78
12880,141
12882,72
12883,30
12884,30
12886,112
12887,135
12896,116
12898,118
12904,19
12906,39
12907,26
12911,7
12912,61
12922,138
12926,62
12928,24
12929,52
12933,85
12937,97
12938,25
12943,38
12946,66
12947,26
12948,27
12949,58
12954,90
12956,63
12958,35
12962,84
12965,15
12966,120
12967,120
12973,70
12974,56
12976,33
12979,113
12980,13
12985,81
12988,29
12993,43
12994,6
12996,86
12997,83
12998,38
13001,76
13004,136
13012,82
13015,95
13020,23
13024,133
13025,126
13028,149
13030,116
13032,60
13034,38
13039,52
13041,52
13046,74
13047,92
13048,25
13051,70
13052,9
13058,49
13059,98
13060,27
13061,20
13063,93
13066,78
13067,150
13070,107
13073,65
13076,34
13079,104
13086,132
13088,48
13092,132
13094,86
13095,39
13096,124
13098,108
13099,72
13100,38
13102,149
13104,62
13107,39
13112,26
13118,51
13119,16
13121,113
13122,104
13124,116
13126,57
13129,64
13131,11
13132,107
13135,35
13138,57
13141,34
13142,29
13143,132
13146,101
13147,49
13161,49
13162,110
13166,72
13168,135
13169,132
13171,65
13177,87
13178,117
13186,135
13188,148
13190,39
13193,74
13195,46
13198,134
13200,101
13204,150
13205,131
13206,96
13208,95
13211,139
13212,111
13216,106
13217,105
13220,24
13221,38
13222,142
13223,49
13225,78
13226,16
13232,87
13236,84
13237,8
13247,64
13250,101
13253,7
13259,40
13264,116
13269,148
13270,43
13271,56
13283,36
13288,51
13291,42
13296,46
13297,24
13298,40
13304,102
13306,142
13307,88
13309,19
13310,48
13312,96
13313,11
13315,14
13316,24
13322,8
13323,129
13324,104
13325,113
13327,3
13328,136
13342,51
13343,57
13345,105
13346,52
13348,98
13351,63
13352,79
13354,148
13361,13
13363,61
13365,145
13366,15
13369,110
13370,43
13372,71
13378,98
13380,67
13384,93
13387,101
13389,8
13395,24
13401,41
13402,79
13406,90
13407,52
13408,132
13409,0
13411,106
13413,65
13415,108
13416,38
13419,79
13422,73
13423,139
13425,37
13427,7
13431,106
13432,135
13441,78
13442,19
13447,111
13451,98
13458,51
13463,69
13467,11
13468,143
13471,75
13476,135
13481,57
13484,54
13485,39
13487,92
13491,124
13494,97
13495,98
13496,122
13499,94
13502,133
13503,6
13510,14
13511,14
13516,148
13521,18
13526,57
13527,105
13534,142
13535,21
13536,105
13538,124
13543,139
13546,126
13548,135
13553,124
13557,45
13561,109
13565,34
13566,90
13572,41
13578,131
13580,106
13583,6
13587,92
13590,50
13591,132
13594,83
13595,101
13596,0
13597,56
13598,72
13607,74
13610,72
13613,1
13614,102
13616,101
13621,4
13623,94
13625,29
13626,12
13629,111
13638,117
13639,46
13642,37
13643,104
13645,0
13647,28
13648,96
13649,130
13650,115
13651,66
13653,34
13655,103
13659,127
13660,115
13663,47
13664,131
13665,110
13666,24
13667,34
13668,14
13670,7
13675,143
13687,10
13688,24
13691,69
13695,27
13700,27
13708,16
13709,62
13710,115
13711,132
13712,146
13713,83
13719,5
13721,141
13722,106
13723,41
13726,72
13730,43
13732,131
13741,84
13744,97
13746,148
13747,110
13752,115
13756,96
13761,108
13762,48
13763,98
13764,126
13766,84
13773,68
13776,115
13777,75
13778,13
13779,90
13782,43
13783,108
13785,24
13790,19
13791,8
13792,92
13794,117
13795,71
13796,103
13797,4
13799,36
13801,60
13802,132
13803,27
13806,134
13809,74
13810,30
13811,19
13813,26
13816,139
13817,93
13818,94
13821,68
13822,37
13823,71
13825,10
13826,128
13828,148
13830,114
13831,51
13832,80
13835,20
13837,72
13839,60
13842,130
13843,23
13846,8
13856,102
13859,150
13866,37
13872,6
13874,65
13878,6
13880,15
13885,94
13887,33
13888,123
13902,64
13904,73
13905,55
13911,109
13917,54
13919,116
13921,39
13922,36
13940,81
13941,57
13950,26
13952,16
13958,88
13962,33
13966,98
13972,23
13973,97
13974,132
13977,84
13978,146
13979,127
13982,0
13984,109
13986,68
13987,109
13988,59
13989,23
13993,82
13996,150
13999,38
14000,87
14005,119
14006,34
14007,141
14008,110
14012,25
14013,115
14016,140
14018,111
14019,120
14022,79
14023,8
14030,67
14038,33
14042,2
14043,137
14044,24
14048,50
14050,128
14053,56
14055,37
14057,98
14063,112
14064,115
14067,97
14068,128
14070,125
14075,120
14077,103
14078,78
14080,136
14082,68
14087,147
14089,33
14090,0
14091,32
14103,33
14104,79
14105,44
14111,81
14115,76
14117,43
14120,59
14121,103
14124,6
14129,68
14130,131
14131,61
14132,58
14133,135
14137,21
14139,125
14140,11
14143,16
14149,4
14151,106
14152,96
14154,100
14155,82
14159,0
14164,81
14171,30
14173,37
14181,22
14184,149
14188,95
14190,111
14203,21
14205,13
14206,134
14208,62
14210,81
14217,93
14227,135
14230,7
14234,130
14236,118
14243,45
14248,35
14250,83
14253,144
14254,28
14259,78
14260,129
14261,111
14272,59
14273,94
14282,17
14284,59
14288,116
14289,11
14293,27
14298,0
14299,115
14302,11
14303,6
14312,109
14314,42
14318,145
14319,1
14322,7
14323,12
14324,119
14326,103
14329,28
14331,146
14334,19
14340,118
14341,44
14344,55
14349,45
14354,73
14355,88
14357,146
14358,134
14359,115
14366,25
14368,68
14370,56
14373,66
14376,27
14381,52
14384,38
14390,85
14393,68
14394,146
14396,73
14397,148
14399,116
14401,120
14402,103
14404,130
14411,64
14413,60
14414,149
14415,6
14417,32
14420,101
14421,67
14422,47
14424,111
14428,15
14432,108
14437,150
14439,90
14442,137
14446,30
14453,92
14458,63
14464,145
14467,25
14468,6
14472,63
14479,75
14480,62
14482,22
14485,94
14489,36
14492,70
14497,143
14502,45
14503,115
14507,122
14508,106
14509,40
14510,47
14512,88
14516,0
14517,57
14523,6
14524,97
14525,41
14531,50
14536,100
14538,1
14539,97
14544,142
14552,59
14565,91
14566,36
14568,38
14569,49
14570,109
14571,100
14575,62
14576,125
14577,24
14581,70
14584,135
14586,25
14589,119
14591,1
14595,125
14599,115
14600,57
14604,6
14606,15
14612,139
14614,72
14615,90
14619,96
14620,44
14621,86
14622,144
14623,17
14627,66
14628,50
14629,97
14632,103
14633,7
14637,118
14639,109
14641,84
14642,110
14647,136
14653,56
14655,81
14670,118
14671,51
14674,124
14676,148
14677,109
14678,37
14679,148
14685,113
14689,31
14692,46
14693,103
14694,105
14696,99
14699,87
14702,129
14706,102
14707,142
14710,27
14716,13
14717,31
14720,127
14722,26
14724,97
14726,133
14730,69
14731,31
14734,60
14741,2
14748,2
14756,132
14761,88
14764,33
14766,19
14775,59
14776,93
14778,99
14783,149
14791,41
14793,126
14794,112
14798,87
14801,0
14802,125
14804,64
14807,80
14811,41
14815,101
14822,150
14825,41
14827,135
14828,12
14829,50
14830,29
14833,43
14834,32
14835,114
14840,40
14842,88
14843,32
14848,135
14851,100
14855,65
14856,75
14863,76
14864,16
14870,77
14875,76
14876,118
14877,86
14882,134
14883,63
14884,109
14885,21
14887,97
14895,116
14896,26
14897,121
14899,15
14904,148
14908,83
14914,62
14916,31
14917,136
14918,107
14919,30
14920,41
14921,40
14926,137
14934,78
14936,135
14939,8
14941,83
14942,76
14947,29
14949,39
14955,115
14958,100
14964,106
14966,130
14970,83
14973,26
14974,59
14978,13
14979,126
14982,68
14983,129
14984,118
14986,104
14987,33
14990,123
14998,16
14999,122
15001,143
15006,107
15007,56
15008,4
15009,3
15015,139
15017,143
15018,107
15020,82
15025,86
15026,117
15029,150
15031,52
15033,140
15035,36
15036,16
15041,0
15043,45
15046,64
15047,37
15049,42
15050,24
15051,138
15053,1
15055,34
15061,79
15062,79
15072,148
15076,39
15077,92
15081,137
15088,4
15090,80
15091,67
15094,103
15095,148
15103,74
15108,55
15109,140
15116,140
15117,48
15128,64
15129,13
15133,43
15136,145
15138,68
15140,8
15141,90
15143,145
15144,101
15151,25
15153,104
15155,113
15157,94
15158,32
15159,109
15164,93
15166,89
15167,133
15168,109
15170,102
15177,34
15178,106
15179,74
15184,110
15194,1
15200,64
15204,68
15207,44
15208,46
15217,97
15218,43
15219,12
15226,138
15232,102
15234,51
15235,129
15245,93
15247,102
15248,13
15250,67
15251,75
15254,11
15255,8
15265,77
15268,132
15269,102
15270,85
15275,91
15277,77
15281,137
15283,94
15288,37
15292,13
15293,83
15294,16
15297,73
15301,95
15303,109
15304,21
15305,23
15306,93
15308,1
15317,121
15319,47
15320,115
15321,31
15325,85
15327,39
15328,44
15329,131
15330,9
15331,34
15333,141
15336,111
15341,82
15342,108
15347,81
15350,122
15352,20
15354,144
15357,113
15358,127
15363,87
15364,64
15366,32
15367,37
15369,87
15371,60
15372,30
15377,94
15385,135
15387,109
15390,149
15398,112
15399,96
15400,146
15403,37
15410,8
15415,46
15418,17
15419,108
15421,33
15428,143
15430,93
15431,118
15435,137
15440,80
15445,107
15446,9
15449,73
15452,53
15459,134
15464,139
15468,134
15472,147
15473,33
15493,88
15497,115
15504,6
15510,47
15513,59
15515,7
15516,72
15519,15
15520,13
15522,42
15524,36
15526,129
15527,73
15531,65
15533,126
15536,63
15543,84
15546,114
15548,114
15554,43
15558,22
15559,100
15560,88
15564,138
15565,28
15566,132
15569,113
15570,20
15573,61
15574,108
15577,77
15578,55
15579,131
15585,1
15586,73
15591,125
15594,114
15595,116
15596,142
15608,0
15610,77
15613,1
15614,26
15618,134
15620,145
15628,79
15630,46
15631,24
15632,118
15635,133
15636,65
15637,139
15638,120
15639,125
15640,140
15644,138
15647,37
15649,74
15653,92
15660,109
15667,43
15670,114
15675,100
15677,138
15678,33
15685,75
15689,121
15692,27
15694,128
15697,124
15705,34
15706,96
15710,69
15711,7
15712,82
15717,110
15722,110
15725,95
15729,41
15737,7
15742,75
15743,50
15747,12
15748,107
15751,33
15752,70
15756,19
15758,44
15761,115
15762,55
15765,126
15771,11
15774,36
15776,114
15781,132
15783,140
15784,1
15785,104
15792,91
15794,95
15795,111
15799,143
15800,40
15807,28
15808,36
15812,63
15813,59
15815,29
15817,117
15818,87
15820,6
15821,64
15824,44
15826,14
15827,22
15829,5
15835,30
15837,57
15839,23
15843,109
15845,43
15846,1
15847,113
15850,119
15855,77
15861,37
15862,147
15863,89
15864,3
15871,76
15872,113
15875,23
15877,98
15883,150
15884,81
15892,112
15895,38
15907,136
15913,93
15914,70
15918,133
15919,39
15924,39
15925,9
15926,109
15936,13
15939,26
15946,66
15948,37
15953,100
15958,72
15959,128
15960,51
15968,4
15969,132
15977,80
15979,3
15980,118
15983,87
15986,103
15989,51
15991,72
15992,124
15993,81
15997,18
15999,46
16003,26
16005,128
16007,119
16008,98
16011,34
16014,102
16017,146
16019,44
16029,13
16032,23
16033,55
16035,25
16036,60
16040,32
16041,117
16042,5
16049,52
16052,124
16055,108
16071,130
16079,92
16080,50
16083,0
16084,130
16086,112
16087,47
16090,42
16091,63
16094,10
16095,83
16099,101
16101,34
16104,108
16108,117
16109,40
16110,18
16112,32
16116,16
16121,28
16124,13
16128,54
16133,98
16135,108
16139,133
16145,8
16147,71
16149,103
16151,121
16152,28
16163,21
16164,29
16168,109
16184,96
16185,71
16186,131
16190,36
16191,119
16194,73
16195,122
16196,137
16199,102
16202,85
16206,150
16207,13
16208,13
16212,104
16213,63
16214,36
16215,6
16225,72
16227,99
16232,118
16233,126
16234,24
16236,142
16238,29
16239,81
16243,86
16244,111
16250,2
16251,101
16259,8
16262,26
16263,119
16270,103
16271,40
16274,129
16275,93
16278,82
16290,19
16299,139
16306,56
16309,125
16314,69
16315,78
16317,95
16320,17
16321,146
16323,124
16324,124
16333,19
16335,150
16339,95
16345,133
16346,141
16347,92
16351,85
16352,57
16353,18
16355,94
16358,119
16361,84
16363,120
16364,61
16365,47
16375,47
16376,98
16378,137
16380,125
16382,79
16385,43
16387,69
16389,1
16398,8
16399,3
16401,97
16402,121
16407,141
16411,67
16413,127
16418,125
16419,85
16422,107
16423,73
16425,38
16427,130
16432,5
16433,143
16434,50
16435,139
16438,60
16439,24
16447,15
16448,97
16450,15
16453,61
16461,53
16462,16
16463,69
16467,56
16468,31
16471,0
16472,129
16475,45
16476,16
16479,102
16484,16
16486,135
16487,47
16499,18
16501,99
16505,42
16506,16
16509,131
16511,88
16513,57
16520,95
16522,6
16525,53
16526,148
16530,137
16531,39
16533,0
16535,44
16541,40
16542,60
16543,12
16546,52
16554,63
16556,72
16557,138
16558,16
16559,8
16566,11
16568,85
16570,40
16571,66
16573,32
16578,114
16587,89
16591,64
16592,28
16593,26
16597,131
16599,143
16601,131
16607,77
16613,15
16614,34
16617,125
16620,44
16621,66
16625,138
16627,117
16630,53
16631,15
16638,142
16639,94
16646,67
16647,18
16649,68
16657,104
16659,99
16663,39
16667,42
16674,39
16678,112
16680,55
16687,70
16690,53
16696,1
16708,43
16709,42
16713,12
16715,91
16720,49
16721,44
16726,142
16727,57
16731,51
16732,128
16737,2
16739,70
16744,97
16748,6
16751,144
16754,70
16755,31
16756,126
16758,84
16761,123
16764,80
16767,15
16772,88
16773,86
16774,60
16776,124
16783,54
16788,144
16793,59
16796,145
16797,12
16801,60
16804,34
16809,64
16812,75
16815,37
16819,72
16820,128
16824,7
16825,63
16828,104
16832,4
16833,41
16841,0
16842,91
16845,106
16846,96
16854,100
16857,127
16861,142
16865,133
16873,20
16877,64
16880,148
16881,128
16884,139
16886,65
16893,134
16898,53
16899,109
16908,126
16913,37
16919,118
16922,101
16928,66
16929,126
16931,30
16934,108
16938,123
16941,118
16945,145
16948,16
16950,23
16957,144
16959,142
16961,144
16963,23
16966,119
16968,147
16972,24
16984,53
16988,78
16989,49
16991,121
16992,121
16993,17
16996,89
16998,138
17000,97
17004,23
17005,130
17008,18
17015,54
17016,67
17018,138
17019,81
17022,104
17026,84
17027,9
17028,119
17033,127
17036,69
17042,92
17046,19
17059,128
17063,79
17064,86
17073,124
17074,1
17079,18
17083,105
17089,63
17093,138
17094,3
17097,32
17099,50
17101,138
17108,119
17109,86
17111,143
17122,109
17123,84
17125,128
17132,64
17135,109
17138,138
17139,118
17141,147
17142,36
17143,28
17144,31
17151,53
17154,37
17157,124
17160,134
17163,116
17165,48
17174,129
17177,87
17181,125
17183,29
17185,15
17190,46
17192,137
17200,108
17201,78
17203,62
17207,68
17212,124
17216,35
17217,130
17218,49
17226,73
17229,0
17230,69
17233,103
17236,93
17240,4
17248,28
17250,148
17251,101
17258,28
17267,77
17272,94
17273,2
17277,1
17281,35
17283,56
17286,2
17287,49
17289,149
17295,63
17299,93
17301,70
17303,141
17305,0
17315,137
17317,45
17331,147
17335,144
17336,49
17338,54
17342,47
17343,125
17345,20
17346,16
17348,145
17350,138
17358,69
17361,50
17363,113
17366,68
17370,148
17374,67
17378,66
17381,2
17382,124
17385,99
17389,101
17390,35
17391,109
17393,126
17394,50
17395,122
17399,53
17403,50
17407,53
17411,33
17413,113
17416,19
17420,113
17422,22
17423,117
17425,104
17426,122
17427,43
17428,128
17432,94
17435,90
17437,72
17439,123
17445,47
17448,72
17450,62
17451,6
17452,133
17453,67
17454,104
17457,25
17459,84
17464,114
17468,148
17470,54
17475,77
17476,30
17479,26
17481,130
17484,56
17488,56
17493,43
17495,127
17498,34
17501,104
17506,103
17511,20
17512,69
17513,68
17514,38
17515,37
17521,131
17522,7
17524,7
17529,13
17531,50
17534,134
17544,68
17549,84
17550,31
17554,60
17560,62
17568,31
17575,142
17577,73
17585,24
17586,5
17594,81
17598,131
17604,71
17609,89
17612,2
17613,122
17615,128
17617,16
17621,73
17629,45
17633,112
17635,27
17636,64
17637,18
17640,19
17645,110
17648,95
17650,121
17657,90
17666,113
17667,124
17673,146
17676,21
17678,67
17679,1
17682,1
17684,127
17687,7
17689,54
17691,25
17696,115
17702,16
17704,124
17708,14
17710,42
17715,45
17716,100
17719,87
17720,46
17721,117
17722,82
17723,34
17728,109
17729,57
17733,91
17738,135
17739,83
17742,62
17744,97
17751,99
17753,33
17754,148
17755,107
17757,79
17768,82
17770,76
17772,43
17773,85
17775,30
17779,42
17780,46
17786,108
17787,29
17789,76
17790,96
17793,134
17795,40
17797,94
17799,71
17803,149
17805,128
17808,104
17809,113
17813,66
17814,135
17817,106
17818,49
17822,100
17824,93
17826,150
17828,92
17830,28
17834,49
17835,72
17837,140
17838,108
17839,51
17840,56
17845,147
17846,116
17847,72
17851,117
17853,87
17854,58
17857,83
17860,34
17864,10
17865,107
17867,35
17870,56
17875,142
17879,89
17882,35
17886,57
17891,121
17893,44
17894,98
17895,128
17897,86
17902,90
17905,11
17907,121
17911,3
17914,144
17916,104
17919,66
17921,138
17925,62
17926,0
17928,46
17929,57
17930,118
17931,9
17936,123
17938,139
17944,25
17946,98
17947,117
17948,90
17949,68
17952,47
17955,76
17957,144
17958,39
17959,21
17962,36
17963,85
17968,28
17969,67
17971,139
17972,41
17973,55
17978,149
17983,13
17984,38
17986,75
17997,68
17999,124
18000,56
18005,148
18011,141
18012,148
18017,147
18018,76
18019,140
18021,133
18027,144
18029,133
18033,10
18035,78
18037,33
18038,38
18043,24
18045,66
18048,33
18053,27
18054,147
18056,49
18058,21
18063,40
18071,142
18074,24
18075,134
18080,73
18087,82
18091,121
18093,40
18099,45
18107,25
18108,85
18111,70
18112,132
18116,24
18122,139
18125,123
18128,50
18130,42
18131,14
18135,84
18138,113
18141,115
18142,24
18143,145
18144,145
18145,34
18147,20
18149,36
18152,102
18154,120
18156,16
18161,142
18162,89
18166,30
18168,64
18171,87
18176,65
18178,50
18179,103
18181,114
18191,125
18194,91
18196,0
18201,120
18207,140
18208,140
18212,72
18214,46
18216,13
18221,92
18227,88
18233,40
18235,56
18238,57
18240,34
18246,57
18247,72
18248,134
18249,31
18251,22
18253,8
18255,121
18258,51
18260,51
18264,114
18267,97
18269,143
18271,55
18272,36
18273,38
18280,132
18287,100
18297,47
18300,149
18304,135
18306,104
18309,111
18311,53
18313,130
18317,12
18319,17
18320,93
18323,47
18324,70
18326,4
18328,107
18331,37
18333,91
18335,128
18336,88
18337,98
18338,70
18342,144
18344,48
18354,103
18355,37
18356,120
18357,70
18358,5
18359,3
18361,108
18363,24
18364,116
18366,104
18367,5
18373,52
18381,86
18382,103
18384,21
18387,40
18389,37
18398,63
18403,96
18404,33
18405,31
18413,34
18414,32
18415,3
18416,145
18417,57
18420,31
18424,3
18427,28
18430,55
18433,15
18434,108
18437,74
18438,127
18448,138
18452,11
18456,107
18458,60
18459,125
18461,38
18462,133
18465,95
18466,39
18472,148
18481,102
18486,129
18488,55
18489,124
18490,18
18491,138
18494,0
18495,8
18497,12
18499,64
18500,124
18501,127
18506,77
18507,127
18508,50
18511,78
18513,48
18515,35
18518,53
18522,134
18530,106
18531,60
18533,145
18534,131
18538,68
18539,3
18540,63
18541,33
18543,27
18547,88
18557,24
18559,60
18564,112
18565,8
18570,106
18573,19
18574,82
18585,76
18592,78
18599,48
18603,19
18606,97
18608,130
18610,47
18613,150
18617,82
18618,132
18621,42
18623,55
18624,48
18629,94
18630,2
18640,85
18645,115
18649,31
18652,137
18656,67
18658,37
18659,135
18661,62
18662,124
18664,124
18666,134
18670,21
18674,67
18675,88
18685,31
18686,45
18687,21
18691,36
18699,91
18703,53
18705,10
18709,17
18710,31
18712,32
18713,145
18721,55
18725,145
18727,113
18728,83
18732,130
18736,51
18737,59
18741,77
18743,109
18745,88
18747,113
18756,47
18761,87
18762,147
18764,52
18768,61
18769,111
18771,82
18774,136
18775,49
18778,148
18779,145
18782,125
18785,125
18788,59
18791,95
18792,29
18795,122
18798,59
18801,132
18806,117
18807,53
18808,52
18811,105
18819,116
18820,145
18821,137
18822,13
18824,149
18826,14
18832,19
18835,150
18836,38
18837,29
18841,102
18843,16
18844,46
18846,84
18849,138
18852,29
18856,75
18859,16
18864,59
18869,26
18870,48
18876,47
18880,51
18890,17
18891,107
18898,73
18899,121
18902,150
18903,148
18905,24
18908,68
18911,22
18912,84
18913,69
18919,130
18920,74
18924,149
18925,103
18926,31
18931,114
18934,37
18935,35
18937,126
18941,29
18943,133
18946,18
18949,143
18954,55
18960,94
18961,118
18967,117
18968,135
18969,42
18971,14
18977,96
18979,100
18980,39
18985,32
18986,2
18987,102
18995,17
18997,140
19001,58
19002,65
19004,96
19010,64
19013,110
19014,14
19017,126
19019,123
19020,146
19023,39
19025,122
19027,38
19030,51
19037,92
19039,69
19040,25
19041,71
19045,61
19047,88
19048,41
19050,29
19057,32
19059,32
19062,86
19064,112
19070,105
19071,105
19072,139
19074,30
19078,37
19082,57
19085,28
19087,61
19095,125
19096,145
19099,45
19102,59
19104,113
19107,66
19116,21
19117,8
19120,17
19122,48
19125,102
19141,20
19142,24
19143,25
19146,139
19152,72
19153,74
19154,112
19156,93
19159,106
19163,7
19164,74
19168,137
19171,60
19172,101
19177,58
19179,104
19182,27
19186,77
19187,1
19192,12
19194,31
19195,64
19197,107
19199,48
19204,47
19205,86
19211,109
19213,2
19214,19
19215,40
19222,113
19224,109
19227,9
19228,121
19233,31
19237,122
19239,20
19240,32
19245,144
19248,82
19249,53
19251,149
19255,23
19258,113
19260,98
19265,42
19270,15
19271,73
19276,0
19277,133
19280,117
19281,1
19284,148
19286,134
19289,19
19291,132
19294,130
19300,121
19301,64
19302,53
19307,40
19314,21
19320,70
19323,78
19325,6
19330,82
19331,45
19334,92
19335,93
19337,126
19339,140
19346,91
19362,40
19366,146
19369,122
19373,92
19374,66
19375,66
19377,103
19380,39
19382,77
19391,134
19395,79
19396,40
19400,149
19403,14
19404,119
19408,61
19409,8
19417,89
19419,135
19422,40
19426,20
19428,130
19433,115
19437,108
19441,132
19447,3
19449,82
19453,136
19455,21
19457,29
19459,30
19462,141
19468,63
19470,122
19474,9
19476,102
19480,94
19486,6
19489,73
19491,42
19494,2
19496,43
19497,104
19503,110
19508,59
19510,145
19511,35
19513,59
19514,132
19515,94
19518,11
19522,86
19530,72
19534,122
19540,57
19543,77
19544,93
19545,60
19547,67
19548,27
19553,47
19555,119
19562,137
19566,54
19573,73
19575,100
19577,131
19587,135
19593,64
19596,38
19598,104
19600,81
19604,69
19616,66
19618,5
19627,147
19633,108
19635,99
19636,8
19637,37
19641,80
19643,77
19646,63
19648,129
19652,116
19656,45
19658,52
19660,84
19667,150
19670,139
19671,143
19688,20
19689,100
19693,57
19698,40
19701,122
19702,40
19703,65
19710,95
19711,18
19724,70
19728,88
19730,53
19732,138
19735,12
19737,134
19748,85
19756,48
19757,128
19758,148
19759,115
19764,29
19767,6
19768,68
19769,126
19770,32
19772,97
19774,48
19776,115
19781,51
19783,103
19787,30
19789,148
19790,81
19793,111
19795,150
19797,60
19803,87
19805,20
19806,85
19809,57
19811,105
19814,149
19816,89
19817,88
19821,103
19827,52
19828,25
19831,25
19832,7
19838,78
19846,103
19853,39
19854,48
19862,38
19866,115
19867,98
19869,92
19873,141
19876,35
19878,82
19879,72
19882,25
19883,122
19888,22
19889,28
19891,146
19893,60
19894,145
19897,141
19898,96
19899,43
19905,99
19906,107
19909,23
19910,107
19911,117
19914,18
19915,95
19916,84
19919,71
19924,23
19927,145
19928,73
19931,131
19937,114
19938,119
19943,9
19945,38
19947,132
19949,128
19951,150
19959,65
19960,67
19962,6
19965,84
19967,140
19968,70
19970,46
19972,118
19975,53
19978,43
19980,64
19981,116
19983,96
19992,137
19995,71
19998,103
20001,56
20004,64
20007,109
20011,44
20012,91
20014,87
20015,65
20017,89
20021,124
20022,119
20028,18
20030,67
20032,96
20033,87
20037,65
20039,121
20048,139
20051,37
20054,79
20057,73
20063,8
20070,100
20072,148
20074,144
20079,92
20084,28
20087,62
20089,89
20090,136
20100,26
20103,62
20108,106
20111,31
20113,145
20115,107
20116,1
20118,28
20119,106
20122,57
20126,82
20127,139
20129,4
20140,29
20141,106
20144,5
20151,123
20152,24
20153,83
20162,11
20164,13
20168,23
20170,128
20173,5
20175,142
20177,134
20179,50
20180,126
20183,13
20184,150
20187,140
20189,112
20198,100
20199,90
20201,73
20206,150
20209,69
20215,92
20219,93
20221,18
20224,76
20226,6
20229,39
20230,94
20233,109
20234,144
20236,130
20237,24
20239,131
20240,68
20242,2
20249,84
20258,117
20259,117
20260,62
20270,140
20276,109
20278,109
20279,50
20283,30
20284,136
20287,54
20289,125
20291,72
20299,41
20306,78
20311,8
20315,106
20318,101
20321,72
20328,31
20334,105
20335,132
20336,95
20342,72
20349,35
20351,130
20352,93
20355,97
20356,13
20359,73
20361,9
20362,91
20365,67
20366,104
20367,7
20375,11
20381,91
20384,137
20386,91
20388,138
20390,4
20392,16
20393,80
20395,125
20396,110
20401,66
20413,112
20414,125
20420,140
20426,35
20427,58
20431,18
20435,56
20443,90
20444,141
20449,62
20452,13
20453,47
20463,74
20464,72
20468,83
20474,115
20480,76
20481,22
20483,113
20489,100
20490,139
20491,101
20494,20
20496,50
20499,16
20500,74
20502,20
20503,123
20504,41
20505,47
20513,66
20517,72
20518,50
20519,90
20520,69
20522,110
20523,89
20534,57
20536,94
20537,96
20538,22
20540,91
20546,94
20548,51
20549,55
20550,89
20552,149
20555,83
20568,87
20569,141
20570,93
20572,12
20574,15
20575,78
20576,124
20577,92
20580,70
20582,115
20585,122
20587,123
20589,70
20590,122
20593,88
20594,90
20597,64
20598,128
20603,21
20604,14
20606,48
20607,96
20612,98
20614,31
20616,108
20621,58
20628,85
20630,0
20631,21
20638,65
20645,94
20648,67
20650,102
20651,34
20653,131
20654,112
20658,144
20666,51
20669,100
20670,10
20673,18
20675,80
20679,3
20680,92
20681,9
20682,116
20685,106
20686,120
20693,111
20697,90
20699,50
20702,49
20705,78
20706,69
20710,23
20712,14
20722,74
20726,69
20727,57
20733,136
20739,139
20741,36
20744,15
20747,50
20754,87
20757,100
20760,150
20764,118
20765,97
20766,35
20768,85
20773,148
20777,20
20781,119
20782,121
20783,143
20784,72
20787,59
20788,144
20791,31
20792,67
20795,105
20797,33
20799,102
20800,146
20808,10
20809,148
20813,83
20822,55
20824,67
20826,61
20828,139
20829,145
20831,26
20835,98
20838,74
20844,39
20846,106
20847,65
20849,127
20851,19
20854,81
20862,64
20875,121
20876,127
20877,119
20882,65
20887,110
20889,42
20893,116
20895,13
20899,26
20901,108
20906,128
20907,87
20909,79
20912,117
20915,31
20926,75
20927,53
20929,128
20930,77
20931,11
20933,51
20934,0
20936,139
20940,44
20944,23
20947,76
20949,55
20950,44
20952,138
20953,98
20954,27
20957,95
20959,72
20962,101
20964,21
20965,74
20967,76
20969,38
20970,73
20971,73
20974,63
20977,84
20980,42
20983,131
20989,139
20991,18
20996,67
20998,19
21001,91
21002,50
21007,108
21014,126
21024,135
21026,70
21029,81
21030,48
21032,0
21035,62
21036,34
21037,42
21038,23
21042,5
21045,113
21046,47
21047,57
21050,60
21052,76
21053,114
21056,40
21058,98
21060,142
21061,95
21064,27
21070,61
21071,95
21075,60
21080,12
21082,84
21083,134
21084,79
21086,17
21087,90
21088,92
21091,113
21096,75
21101,40
21104,55
21108,136
21110,88
21111,137
21112,69
21113,129
21115,21
21116,143
21119,143
21122,136
21127,27
21130,121
21131,30
21139,47
21141,144
21142,14
21145,130
21148,78
21154,146
21159,8
21162,34
21173,111
21174,87
21176,117
21178,128
21180,101
21185,70
21191,19
21195,42
21201,73
21203,145
21206,50
21211,121
21214,114
21215,84
21217,116
21220,129
21221,86
21223,136
21227,135
21228,86
21229,141
21230,98
21232,66
21235,117
21236,127
21239,117
21241,82
21244,103
21246,102
21247,13
21248,29
21252,14
21253,144
21254,114
21256,123
21257,86
21262,116
21263,98
21267,112
21278,17
21279,95
21283,79
21284,28
21285,10
21286,123
21288,14
21290,89
21292,146
21298,104
21300,67
21302,6
21315,18
21316,80
21317,33
21318,83
21319,132
21320,79
21324,138
21327,3
21328,88
21336,51
21337,13
21339,127
21340,60
21341,131
21343,83
21344,119
21347,60
21351,142
21353,141
21354,147
21360,77
21367,23
21370,22
21371,98
21372,68
21373,22
21378,106
21382,38
21385,47
21389,38
21394,128
21400,5
21402,112
21413,9
21427,92
21433,117
21437,2
21439,17
21441,92
21442,8
21448,56
21450,42
21457,10
21458,140
21459,92
21465,62
21473,88
21477,83
21480,39
21485,106
21488,147
21489,5
21490,137
21495,21
21498,145
21501,68
21502,83
21503,87
21504,68
21506,120
21508,88
21510,75
21518,35
21520,145
21521,62
21524,18
21525,69
21531,76
21533,100
21534,66
21539,6
21541,109
21543,121
21544,41
21549,53
21555,98
21558,16
21561,85
21566,144
21568,20
21573,105
21574,56
21580,55
21581,88
21587,61
21593,48
21596,2
21598,37
21603,85
21604,29
21605,90
21612,41
21614,38
21615,62
21617,87
21621,81
21628,16
21630,137
21632,88
21633,111
21652,23
21654,121
21658,119
21661,6
21665,2
21667,22
21670,141
21671,85
21672,12
21673,27
21674,98
21675,94
21677,112
21679,122
21683,146
21686,25
21699,32
21700,124
21703,124
21712,42
21715,25
21716,110
21718,31
21727,79
21728,111
21731,39
21735,18
21736,49
21737,102
21738,11
21741,44
21747,149
21749,37
21750,68
21752,39
21756,14
21760,74
21763,140
21764,66
21770,141
21772,107
21774,25
21778,94
21779,55
21787,91
21788,17
21791,3
21793,104
21796,9
21797,70
21798,37
21801,89
21806,90
21809,15
21810,15
21811,76
21812,77
21813,108
21814,104
21818,83
21821,47
21829,148
21830,111
21833,31
21840,47
21841,23
21843,141
21844,14
21845,117
21848,104
21849,65
21851,86
21852,37
21862,19
21868,24
21869,126
21873,77
21881,6
21882,142
21887,75
21888,36
21892,62
21898,144
21900,33
21901,73
21904,7
21908,84
21910,54
21914,35
21916,101
21922,39
21926,3
21928,117
21933,148
21940,61
21945,9
21962,115
21965,46
21968,71
21971,26
21974,57
21975,75
21976,86
21979,111
21980,73
21981,0
21982,147
21984,96
21987,32
21989,118
22002,24
22005,105
22007,142
22009,45
22014,65
22015,85
22022,68
22026,92
22027,55
22031,116
22032,56
22033,23
22044,20
22047,37
22050,3
22053,16
22060,41
22063,75
22064,46
22067,33
22068,37
22069,117
22074,145
22075,145
22080,146
22083,20
22086,36
22087,103
22089,133
22090,72
22094,135
22096,88
22107,39
22108,88
22112,37
22115,84
22117,104
22118,95
22124,77
22125,58
22127,0
22130,68
22131,68
22134,53
22135,89
22136,85
22149,33
22150,35
22153,35
22160,48
22163,80
22168,54
22176,56
22181,110
22183,93
22187,92
22189,124
22192,88
22194,83
22197,118
22199,16
22201,149
22202,105
22203,101
22205,97
22209,96
22210,16
22212,51
22216,24
22217,45
22219,120
22220,2
22221,115
22224,104
22227,109
22234,110
22237,27
22238,16
22243,53
22247,96
22249,36
22254,29
22257,121
22259,142
22261,82
22262,9
22265,48
22269,37
22270,83
22271,55
22273,74
22276,56
22279,19
22280,126
22281,35
22287,53
22288,27
22289,1
22293,85
22297,33
22299,90
22303,131
22305,7
22307,67
22314,147
22315,122
22317,67
22321,25
22324,107
22328,128
22330,116
22333,20
22334,95
22335,145
22336,54
22339,135
22341,14
22344,150
22345,56
22346,125
22350,64
22355,46
22360,96
22364,117
22369,138
22370,43
22373,62
22374,45
22375,83
22377,52
22379,131
22381,95
22383,29
22384,65
22387,41
22391,32
22394,148
22395,94
22396,12
22398,43
22401,69
22402,53
22403,101
22405,15
22407,44
22408,132
22412,91
22414,45
22415,78
22417,132
22424,23
22426,87
22427,136
22428,108
22430,14
22431,98
22436,58
22440,98
22441,123
22442,141
22443,71
22445,109
22446,16
22448,21
22449,69
22453,138
22454,107
22455,68
22458,23
22462,147
22463,64
22466,86
22468,119
22470,123
22472,68
22475,115
22477,49
22478,43
22480,29
22483,46
22492,28
22495,59
22497,95
22502,88
22503,24
22508,111
22512,32
22514,150
22517,42
22518,9
22525,146
22526,42
22541,130
22542,40
22547,21
22551,34
22552,131
22553,46
22556,25
22557,84
22560,31
22561,107
22567,77
22569,11
22577,126
22580,144
22582,141
22588,145
22592,150
22594,44
22600,93
22608,25
22612,61
22613,0
22615,58
22620,62
22631,76
22637,123
22640,50
22641,1
22643,90
22644,70
22648,59
22649,108
22650,115
22651,132
22652,33
22654,109
22657,17
22661,52
22664,60
22665,34
22668,99
22669,72
22670,141
22671,62
22673,31
22675,33
22677,129
22679,11
22680,56
22684,12
22685,119
22688,131
22696,78
22697,107
22698,129
22704,126
22705,137
22715,5
22719,147
22722,53
22723,136
22724,149
22725,88
22728,26
22732,42
22734,56
22735,64
22736,101
22737,71
22742,37
22745,113
22747,30
22748,34
22749,58
22757,25
22766,61
22773,49
22774,104
22778,56
22781,72
22784,6
22785,140
22786,125
22788,11
22790,116
22794,36
22795,5
22799,67
22802,5
22807,6
22809,110
22816,36
22822,102
22823,4
22826,45
22831,140
22839,88
22840,124
22842,104
22847,60
22849,112
22851,98
22856,38
22859,121
22863,84
22866,112
22870,80
22873,128
22876,5
22877,0
22878,5
22884,6
22886,56
22889,125
22891,135
22897,57
22900,128
22905,140
22917,28
22918,38
22920,4
22928,20
22929,42
22932,149
22933,109
22934,15
22935,28
22936,26
22939,144
22941,4
22943,88
22944,10
22946,87
22953,81
22955,61
22957,51
22960,51
22962,73
22964,122
22971,126
22977,44
22988,134
22991,70
22993,87
22994,28
22995,32
23000,128
23001,94
23006,60
23007,19
23012,67
23013,144
23015,110
23016,149
23024,110
23026,145
23030,42
23032,62
23034,103
23036,117
23037,65
23041,85
23042,67
23046,14
23049,49
23055,106
23057,116
23058,69
23060,139
23061,102
23063,72
23065,140
23075,92
23077,119
23079,126
23081,1
23088,85
23093,115
23094,62
23096,59
23099,111
23100,102
23101,89
23105,139
23108,23
23109,96
23115,131
23116,75
23117,57
23129,46
23130,104
23133,115
23135,71
23138,12
23140,101
23141,138
23142,66
23144,82
23147,57
23150,29
23151,21
23156,75
23157,116
23160,59
23161,39
23163,48
23164,63
23169,73
23174,78
23175,106
23179,27
23180,118
23182,69
23183,133
23189,81
23190,62
23192,124
23193,63
23202,100
23203,115
23208,82
23211,147
23215,67
23217,90
23218,91
23219,58
23221,135
23222,123
23225,149
23226,20
23230,79
23231,92
23233,71
23237,20
23238,28
23240,83
23241,13
23245,85
23248,85
23249,37
23254,122
23260,32
23264,68
23267,131
23269,25
23270,76
23274,63
23278,119
23281,92
23282,108
23286,70
23289,71
23293,101
23294,97
23295,2
23299,87
23304,132
23306,132
23310,143
23311,124
23318,95
23320,117
23323,129
23324,73
23325,59
23326,90
23327,31
23330,47
23332,53
23333,100
23339,85
23340,45
23346,3
23347,139
23348,56
23350,70
23356,122
23359,94
23371,59
23374,57
23377,98
23379,46
23381,147
23382,86
23383,94
23385,106
23387,59
23389,7
23398,34
23401,21
23406,76
23408,145
23414,64
23415,102
23416,19
23418,102
23419,70
23423,34
23425,115
23426,28
23432,53
23435,66
23440,107
23443,138
23456,92
23457,46
23458,19
23462,17
23466,93
23467,105
23473,89
23476,92
23481,132
23483,90
23484,47
23488,119
23489,87
23498,106
23501,113
23503,62
23504,40
23505,120
23510,62
23511,138
23519,120
23520,140
23524,47
23532,5
23533,28
23534,108
23536,124
23540,21
23549,56
23554,52
23560,28
23568,104
23570,89
23571,26
23575,97
23581,33
23582,22
23584,132
23587,118
23595,128
23597,43
23599,42
23603,47
23604,35
23606,40
23607,68
23609,53
23610,16
23614,98
23615,143
23616,125
23617,72
23621,17
23625,40
23626,12
23627,123
23628,83
23629,64
23633,117
23636,62
23638,32
23639,133
23640,60
23645,41
23650,126
23651,118
23655,140
23659,105
23660,115
23663,93
23669,48
23670,131
23671,84
23672,148
23673,111
23678,93
23679,146
23683,46
23686,29
23687,99
23691,61
23692,72
23694,116
23696,7
23698,70
23699,72
23702,44
23703,41
23706,70
23707,115
23709,137
23712,30
23720,148
23725,28
23726,134
23727,41
23731,122
23732,71
23735,121
23737,111
23742,18
23748,77
23749,69
23753,47
23754,62
23756,113
23766,58
23773,137
23775,28
23779,96
23780,100
23785,10
23786,108
23791,4
23792,29
23793,55
23795,0
23797,88
23802,69
23803,36
23807,26
23809,49
23811,35
23817,119
23818,106
23819,64
23821,116
23822,68
23827,14
23829,74
23835,90
23837,119
23843,35
23847,75
23849,10
23851,76
23858,48
23860,53
23861,61
23867,105
23871,68
23872,74
23876,103
23879,2
23887,81
23888,81
23889,85
23892,138
23901,119
23902,47
23904,47
23907,127
23909,59
23916,40
23918,143
23919,41
23928,54
23929,41
23931,141
23933,63
23936,8
23938,50
23950,28
23956,121
23963,68
23967,131
23970,148
23971,35
23980,125
23982,53
23983,6
23986,150
23987,57
23988,9
23991,128
23994,40
23995,9
23998,63
24000,44
24002,15
24008,131
24012,103
24014,44
24025,133
24027,71
24029,46
24033,48
24035,143
24038,62
24041,47
24043,26
24045,131
24046,47
24048,45
24051,99
24055,33
24056,107
24058,21
24061,78
24063,50
24067,39
24068,143
24069,31
24070,141
24074,106
24078,111
24086,103
24090,73
24094,47
24097,9
24099,44
24101,107
24103,51
24105,140
24109,73
24114,109
24116,32
24118,118
24119,41
24121,26
24123,113
24127,109
24130,15
24136,5
24138,123
24139,9
24141,19
24145,137
24148,72
24149,67
24155,24
24158,75
24160,1
24164,78
24165,100
24171,24
24177,116
24178,98
24179,132
24182,49
24183,49
24193,33
24195,70
24198,79
24200,59
24202,100
24203,111
24208,107
24209,132
24211,25
24213,27
24216,23
24217,99
24225,120
24232,102
24234,104
24240,116
24241,79
24243,122
24244,0
24247,14
24250,52
24253,43
24257,131
24264,57
24266,24
24269,35
24271,149
24273,120
24275,66
24278,86
24280,130
24283,148
24284,70
24286,57
24288,150
24289,29
24290,126
24291,67
24292,89
24293,135
24295,53
24297,60
24305,62
24307,133
24309,15
24313,14
24316,54
24317,88
24318,46
24323,57
24324,15
24326,131
24328,133
24330,54
24337,107
24340,33
24345,4
24348,140
24352,78
24353,43
24354,95
24363,78
24377,31
24379,86
24381,79
24386,32
24387,27
24388,76
24391,63
24392,71
24393,131
24396,80
24398,44
24401,55
24403,72
24404,71
24407,80
24410,105
24411,91
24418,74
24420,107
24426,120
24428,90
24429,126
24434,30
24435,24
24436,70
24437,29
24443,82
24447,18
24451,12
24455,1
24457,32
24458,70
24461,52
24470,58
24474,132
24477,126
24484,83
24485,130
24494,35
24495,27
24498,54
24501,70
24502,75
24504,116
24505,2
24509,86
24510,65
24517,30
24518,62
24520,145
24521,10
24525,118
24529,137
24535,140
24536,3
24539,66
24540,121
24541,53
24544,136
24548,11
24551,106
24556,140
24559,5
24562,31
24565,124
24572,113
24573,149
24577,45
24579,7
24582,32
24583,6
24584,148
24585,25
24588,22
24595,59
24599,47
24600,99
24603,4
24604,134
24605,36
24610,45
24615,6
24617,82
24618,131
24620,100
24622,148
24625,7
24629,45
24630,45
24632,7
24634,36
24636,129
24643,98
24647,68
24649,47
24651,150
24652,127
24656,72
24662,43
24668,10
24672,94
24674,88
24677,149
24678,46
24679,60
24681,10
24682,126
24688,114
24690,7
24691,8
24692,117
24696,39
24697,109
24699,129
24700,124
24701,45
24702,72
24704,98
24706,100
24707,79
24715,29
24717,42
24721,97
24722,100
24724,42
24725,87
24727,84
24728,61
24729,115
24741,96
24743,121
24745,88
24748,57
24752,138
24754,40
24757,46
24758,137
24760,50
24763,68
24767,127
24773,143
24775,17
24776,58
24780,29
24785,78
24789,114
24790,51
24799,130
24802,67
24804,46
24808,37
24811,101
24813,50
24819,43
24822,130
24824,107
24828,60
24829,117
24830,18
24834,136
24835,60
24836,68
24837,88
24838,30
24844,118
24847,10
24857,35
24858,119
24863,92
24867,41
24870,72
24871,6
24872,20
24877,1
24886,143
24887,76
24888,67
24892,125
24893,58
24900,41
24906,100
24907,11
24908,95
24913,91
24917,99
24921,13
24924,22
24932,121
24933,131
24936,26
24940,52
24942,77
24944,122
24949,127
24950,27
24951,52
24952,106
24959,109
24960,59
24968,78
24969,121
24971,65
24973,144
24979,49
24985,88
24994,72
24997,127
24999,104
25008,54
25010,68
25011,116
25017,29
25021,9
25026,29
25027,123
25028,86
25031,82
25034,27
25045,40
25048,11
25051,110
25053,44
25056,78
25063,146
25065,97
25066,24
25067,59
25070,85
25071,29
25072,72
25073,34
25075,31
25080,5
25081,80
25084,1
25086,94
25087,64
25089,49
25103,104
25112,5
25113,143
25116,3
25119,129
25120,28
25127,89
25129,59
25131,77
25139,52
25142,138
25146,53
25150,69
25154,96
25158,100
25161,41
25166,31
25167,46
25169,30
25170,110
25173,65
25176,25
25178,139
25179,57
25181,50
25182,26
25186,80
25189,141
25191,81
25193,127
25194,64
25196,150
25198,106
25200,51
25205,104
25209,20
25210,39
25212,115
25215,107
25218,149
25219,74
25227,94
25228,103
25229,50
25239,46
25240,109
25242,0
25249,20
25250,104
25253,49
25254,21
25257,109
25272,18
25275,87
25276,124
25278,132
25285,135
25288,67
25290,48
25293,89
25295,128
25302,1
25308,72
25315,72
25318,123
25321,123
25323,92
25327,105
25328,84
25331,145
25334,119
25345,67
25346,118
25350,39
25352,39
25353,138
25355,104
25361,124
25366,139
25373,59
25374,72
25376,146
25378,92
25380,68
25382,115
25384,120
25385,117
25388,121
25390,62
25393,129
25396,1
25397,121
25403,53
25404,137
25405,75
25407,83
25408,132
25409,41
25416,84
25421,29
25429,136
25431,133
25432,83
25442,30
25447,123
25450,50
25453,25
25455,130
25460,88
25467,62
25468,83
25472,110
25477,128
25478,136
25479,109
25480,7
25482,49
25485,66
25487,125
25488,130
25493,9
25504,133
25511,0
25513,89
25514,150
25520,70
25522,136
25524,35
25526,144
25531,65
25537,133
25539,5
25543,61
25544,27
25546,58
25548,101
25551,101
25555,136
25556,92
25560,91
25563,115
25566,146
25568,102
25569,84
25570,101
25571,69
25575,42
25576,44
25577,89
25579,132
25582,118
25586,15
25589,82
25592,140
25593,22
25595,135
25601,96
25605,147
25608,3
25614,101
25617,105
25618,45
25623,142
25627,102
25629,138
25635,93
25636,119
25637,73
25638,48
25639,98
25640,111
25642,133
25649,55
25650,141
25651,35
25660,140
25662,121
25664,19
25673,22
25674,45
25675,57
25677,85
25678,145
25680,12
25683,57
25686,134
25688,70
25689,126
25692,136
25697,125
25700,69
25701,16
25705,15
25706,116
25710,29
25714,6
25715,28
25716,145
25718,80
25723,94
25724,98
25733,97
25737,49
25738,116
25744,86
25752,115
25757,139
25759,149
25761,26
25762,62
25763,9
25769,3
25770,50
25780,106
25783,113
25788,106
25789,60
25794,14
25796,133
25800,101
25802,76
25810,44
25816,26
25817,94
25818,120
25819,15
25824,38
25825,60
25826,114
25827,133
25828,66
25829,31
25830,110
25834,149
25836,32
25837,66
25840,119
25841,42
25845,31
25847,66
25857,65
25858,60
25859,21
25861,101
25864,93
25865,118
25867,48
25875,61
25878,80
25886,50
25888,123
25889,91
25890,49
25900,98
25904,90
25907,113
25909,139
25914,21
25915,124
25916,119
25917,54
25918,71
25920,56
25924,149
25929,65
25932,29
25936,3
25937,16
25939,93
25942,81
25944,96
25958,99
25963,95
25969,42
25970,34
25973,40
25980,37
25982,138
25984,126
25987,52
25989,108
25991,74
25992,12
25994,27
25996,116
25999,52
26004,83
26008,6
26009,126
26011,125
26012,25
26013,128
26021,117
26025,127
26030,122
26032,60
26033,13
26034,4
26036,73
26038,21
26040,143
26041,39
26042,144
26043,135
26044,134
26047,94
26051,128
26052,119
26058,45
26059,140
26063,9
26064,81
26067,27
26068,60
26069,25
26070,77
26072,39
26074,13
26076,37
26080,131
26081,91
26083,47
26084,115
26087,131
26088,88
26089,4
26090,61
26097,91
26099,10
26100,1
26101,97
26104,18
26107,24
26108,103
26109,143
26111,37
26113,147
26114,148
26116,4
26122,103
26123,56
26131,15
26133,54
26135,38
26136,136
26139,34
26140,51
26144,31
26146,29
26150,111
26152,112
26153,140
26154,34
26155,25
26158,74
26162,109
26163,85
26168,52
26170,28
26175,144
26176,43
26178,51
26179,125
26181,98
26183,88
26184,7
26185,117
26189,68
26191,21
26194,104
26197,148
26200,67
26202,15
26205,47
26208,13
26212,148
26214,100
26215,81
26216,87
26218,10
26222,95
26224,38
26228,49
26230,14
26233,50
26234,32
26235,113
26236,143
26237,79
26238,6
26239,28
26241,66
26242,31
26243,70
26246,42
26260,18
26263,108
26264,73
26266,92
26267,27
26268,17
26269,24
26272,58
26273,61
26274,107
26275,15
26278,89
26281,117
26284,16
26285,48
26288,40
26290,69
26294,105
26296,51
26297,83
26298,55
26299,2
26300,16
26302,117
26304,86
26305,63
26308,145
26311,143
26313,109
26314,44
26316,78
26320,145
26321,146
26324,105
26326,3
26327,38
26333,141
26340,128
26341,129
26346,53
26349,60
26351,108
26359,127
26361,80
26362,85
26364,79
26372,100
26374,81
26376,0
26377,94
26380,61
26381,50
26383,65
26388,19
26389,20
26400,104
26404,70
26406,71
26409,93
26411,130
26413,62
26416,40
26418,108
26420,76
26423,19
26426,127
26429,16
26430,5
26432,53
26442,150
26443,17
26447,51
26451,88
26452,149
26456,63
26457,108
26462,68
26464,20
26467,34
26473,45
26477,125
26480,6
26482,127
26485,62
26486,107
26489,89
26490,44
26492,50
26493,131
26496,55
26497,138
26498,4
26501,92
26504,123
26509,90
26510,86
26517,108
26518,66
26524,46
26530,84
26531,91
26532,40
26533,63
26534,26
26535,138
26536,95
26537,92
26548,123
26550,124
26553,147
26560,10
26568,143
26575,83
26576,88
26578,51
26579,114
26582,128
26583,60
26585,29
26586,53
26592,106
26595,26
26599,133
26602,34
26603,71
26604,111
26608,60
26613,96
26614,66
26617,140
26623,106
26626,45
26629,114
26631,38
26642,107
26645,111
26647,70
26649,129
26651,75
26652,103
26660,127
26662,95
26663,79
26664,150
26668,89
26669,75
26676,84
26678,83
26683,24
26685,74
26686,149
26690,113
26691,80
26692,135
26693,136
26704,60
26705,68
26706,1
26709,32
26712,56
26722,118
26723,116
26725,123
26726,107
26727,118
26728,9
26729,94
26735,96
26737,15
26742,16
26743,4
26744,58
26748,16
26756,4
26758,129
26764,40
26765,38
26775,36
26786,51
26793,116
26795,68
26798,58
26799,45
26800,19
26801,68
26808,140
26811,59
26813,99
26819,102
26827,40
26830,13
26834,46
26836,90
26844,52
26845,57
26851,137
26859,78
26861,117
26863,93
26868,57
26872,147
26874,13
26876,80
26877,20
26878,20
26879,149
26880,130
26881,24
26882,72
26885,13
26886,70
26890,44
26903,97
26905,142
26909,65
26912,72
26915,91
26916,18
26920,82
26929,126
26930,17
26933,140
26936,25
26941,140
26944,64
26948,2
26955,107
26956,112
26957,47
26960,77
26967,88
26971,106
26972,60
26985,87
26986,53
26987,105
26993,64
26994,22
26996,2
27002,49
27003,18
27006,83
27009,48
27013,114
27018,49
27020,113
27022,110
27023,48
27027,13
27030,32
27031,7
27034,91
27037,44
27043,115
27044,51
27051,19
27054,71
27057,118
27059,99
27061,33
27062,138
27064,0
27067,137
27073,129
27074,34
27075,100
27076,128
27079,135
27085,10
27087,144
27088,71
27093,118
27094,74
27097,91
27100,150
27105,52
27106,82
27107,3
27109,81
27110,139
27111,41
27115,93
27124,121
27130,126
27132,113
27133,136
27135,20
27136,59
27138,66
27140,108
27141,58
27143,33
27147,119
27153,111
27154,138
27158,111
27161,46
27162,115
27163,21
27165,47
27166,73
27168,140
27175,2
27178,39
27182,3
27184,0
27188,142
27190,15
27192,61
27196,8
27199,145
27201,139
27204,113
27206,82
27208,45
27209,111
27210,95
27211,12
27221,14
27223,148
27226,53
27230,23
27235,128
27241,63
27242,127
27245,47
27246,82
27250,140
27252,128
27256,72
27259,111
27260,24
27262,107
27263,68
27264,100
27265,89
27266,74
27267,54
27268,49
27269,81
27270,54
27271,0
27273,134
27274,40
27276,103
27278,82
27280,62
27283,54
27287,79
27288,141
27289,91
27291,114
27294,55
27295,136
27299,17
27302,37
27303,18
27306,13
27310,112
27312,62
27314,0
27315,109
27317,36
27324,82
27325,16
27326,7
27327,144
27329,142
27344,65
27346,111
27347,50
27348,48
27353,104
27354,135
27359,107
27361,114
27363,107
27366,80
27370,83
27372,100
27380,144
27382,51
27387,150
27389,27
27390,47
27393,104
27398,150
27402,87
27404,114
27405,79
27408,141
27410,85
27412,19
27415,19
27419,96
27425,27
27427,150
27432,4
27434,105
27435,93
27439,87
27442,125
27443,17
27445,41
27446,142
27447,20
27452,56
27455,91
27456,44
27461,41
27465,124
27469,53
27470,108
27471,24
27473,46
27474,4
27485,99
27490,145
27492,138
27495,66
27501,73
27502,103
27508,140
27515,114
27520,71
27523,31
27524,149
27529,5
27533,29
27536,93
27537,29
27538,63
27540,72
27542,141
27546,74
27551,105
27552,108
27559,141
27560,52
27561,133
27562,25
27564,72
27566,5
27568,57
27569,20
27571,21
27572,96
27577,14
27580,10
27582,76
27584,97
27586,101
27589,149
27595,106
27600,134
27608,128
27610,132
27613,5
27615,137
27618,149
27625,89
27627,74
27630,94
27635,85
27637,138
27639,60
27641,99
27647,64
27648,56
27649,96
27650,34
27651,27
27653,8
27655,138
27656,9
27657,144
27658,57
27660,60
27662,131
27663,19
27666,84
27667,5
27668,44
27669,23
27670,35
27672,12
27673,36
27674,96
27678,19
27687,14
27688,149
27689,66
27690,23
27693,20
27694,61
27695,92
27697,26
27698,128
27699,39
27701,71
27710,16
27712,58
27714,80
27716,81
27718,138
27723,130
27724,67
27725,121
27727,18
27735,22
27747,94
27750,149
27751,93
27754,4
27756,63
27759,36
27761,136
27766,23
27771,65
27773,124
27774,94
27777,112
27779,60
27784,72
27785,55
27786,0
27788,37
27790,40
27791,145
27794,72
27797,51
27802,99
27803,43
27805,60
27810,98
27811,70
27815,16
27818,111
27819,36
27825,79
27827,6
27828,116
27830,10
27831,31
27833,99
27838,100
27840,122
27841,59
27844,110
27846,130
27848,136
27856,93
27857,12
27858,46
27859,119
27861,104
27862,25
27865,51
27876,82
27883,103
27884,11
27889,23
27893,25
27894,135
27897,103
27900,149
27903,67
27905,40
27906,11
27908,19
27909,79
27910,135
27913,47
27917,70
27919,92
27920,143
27925,56
27927,141
27928,121
27930,123
27933,72
27938,99
27942,5
27943,32
27944,88
27947,23
27949,85
27950,40
27952,35
27960,56
27966,58
27967,123
27974,74
27982,88
27984,150
27988,49
27990,60
27991,140
27994,122
27996,24
27997,104
28001,72
28005,105
28006,48
28012,149
28014,1
28015,93
28016,120
28022,35
28026,132
28029,103
28030,143
28031,127
28035,78
28037,140
28038,101
28045,119
28048,122
28057,14
28059,103
28065,127
28066,49
28072,103
28075,110
28077,28
28078,22
28079,146
28080,23
28084,109
28089,34
28095,53
28099,137
28103,50
28104,42
28112,122
28118,26
28121,144
28122,127
28124,109
28127,23
28130,58
28132,10
28133,81
28136,18
28140,1
28147,74
28149,77
28150,5
28154,132
28155,112
28159,43
28161,98
28167,128
28171,11
28175,120
28176,123
28177,35
28178,138
28180,67
28181,150
28187,46
28191,76
28200,94
28202,145
28203,46
28204,122
28206,81
28209,50
28217,85
28219,125
28220,130
28222,5
28225,95
28226,59
28227,12
28231,127
28232,126
28236,90
28239,72
28243,114
28249,10
28251,67
28252,137
28253,23
28255,114
28256,79
28267,50
28270,13
28271,110
28273,47
28280,56
28281,13
28285,8
28289,106
28290,67
28291,95
28292,16
28293,74
28297,58
28298,30
28299,4
28302,60
28306,127
28308,99
28309,76
28313,65
28314,131
28319,142
28323,82
28324,32
28333,72
28336,90
28337,112
28340,20
28341,47
28344,116
28346,42
28355,116
28356,118
28357,17
28364,93
28365,30
28370,135
28372,3
28381,74
28386,112
28390,7
28393,76
28394,50
28398,103
28406,12
28410,129
28412,104
28415,10
28422,147
28423,35
28424,1
28425,45
28429,137
28430,6
28431,141
28433,77
28437,130
28440,99
28443,123
28445,147
28452,73
28455,35
28466,32
28468,123
28469,148
28470,28
28471,135
28475,101
28478,140
28480,88
28482,45
28483,142
28484,116
28487,103
28488,79
28491,143
28492,143
28496,45
28502,61
28508,148
28513,13
28522,25
28523,46
28525,54
28529,67
28531,94
28532,39
28535,115
28541,56
28542,65
28543,119
28546,93
28547,137
28550,3
28551,14
28552,34
28554,21
28557,96
28558,118
28563,7
28567,70
28569,49
28570,141
28572,69
28576,59
28590,67
28592,150
28596,133
28598,68
28602,108
28603,46
28604,114
28605,135
28609,44
28610,115
28612,24
28613,32
28615,8
28617,81
28630,56
28633,10
28635,113
28642,135
28646,59
28647,133
28656,55
28657,1
28662,131
28663,28
28671,48
28672,65
28681,113
28682,92
28687,89
28688,96
28689,139
28692,135
28693,89
28696,105
28699,147
28700,120
28702,115
28707,71
28712,47
28713,105
28715,126
28720,76
28723,14
28726,13
28731,106
28732,23
28737,57
28738,50
28740,131
28741,36
28743,63
28745,1
28750,80
28754,21
28758,62
28763,70
28764,19
28779,12
28783,97
28787,13
28788,86
28792,114
28794,13
28797,144
28800,3
28803,140
28804,13
28805,82
28806,137
28814,120
28816,112
28823,63
28826,61
28829,107
28830,130
28833,110
28836,101
28840,72
28842,109
28844,41
28850,132
28852,47
28854,67
28861,46
28863,107
28864,19
28867,104
28873,86
28877,28
28880,136
28885,130
28887,2
28888,102
28892,3
28902,119
28905,24
28908,145
28910,139
28913,102
28914,28
28915,120
28926,116
28927,86
28929,84
28932,5
28937,135
28938,109
28943,88
28944,46
28945,92
28947,59
28949,12
28952,142
28956,100
28958,57
28961,64
28965,15
28976,16
28977,5
28979,113
28982,67
28984,150
28986,141
28987,123
28990,129
28992,147
28993,141
28995,133
28997,74
29003,82
29006,42
29009,15
29011,46
29012,22
29016,62
29025,133
29026,94
29027,30
29032,141
29035,71
29054,56
29059,119
29061,143
29062,36
29066,6
29071,90
29073,121
29074,18
29079,132
29082,125
29083,144
29086,70
29094,94
29098,129
29099,124
29102,57
29108,80
29111,116
29116,44
29117,139
29119,135
29120,147
29134,145
29135,82
29142,45
29143,145
29150,113
29152,147
29154,71
29157,115
29165,41
29168,59
29169,6
29173,129
29175,81
29179,116
29180,50
29182,114
29184,111
29187,114
29193,87
29195,16
29196,132
29205,84
29207,147
29211,64
29212,0
29215,99
29216,58
29217,125
29225,81
29226,97
29228,136
29231,58
29238,77
29246,135
29250,91
29252,67
29254,19
29256,58
29258,56
29261,87
29262,69
29266,56
29267,85
29280,41
29284,29
29285,115
29289,78
29291,99
29297,109
29299,68
29301,95
29302,24
29303,98
29305,85
29310,101
29311,110
29316,132
29317,15
29320,64
29327,124
29329,112
29330,137
29332,41
29336,87
29337,28
29338,145
29340,75
29348,6
29350,38
29351,111
29354,7
29361,47
29365,5
29366,35
29367,92
29368,123
29369,2
29371,122
29374,41
29375,117
29376,17
29379,131
29380,79
29384,11
29393,56
29394,11
29396,70
29397,62
29399,149
29401,93
29404,138
29405,143
29406,110
29408,107
29421,63
29428,48
29433,97
29434,127
29435,54
29438,43
29444,1
29449,53
29450,10
29451,141
29456,31
29458,27
29460,94
29463,136
29464,70
29468,98
29470,94
29471,130
29473,73
29474,86
29478,128
29480,96
29483,76
29486,49
29487,3
29488,86
29494,113
29497,130
29498,102
29499,131
29501,99
29503,3
29506,113
29510,91
29513,61
29515,78
29516,79
29517,130
29519,3
29521,84
29526,58
29527,53
29530,52
29532,81
29536,40
29544,146
29547,62
29549,132
29550,31
29553,107
29555,9
29556,38
29559,97
29561,99
29564,28
29565,115
29568,42
29569,20
29570,27
29571,139
29576,144
29577,68
29578,122
29579,40
29581,63
29588,28
29589,42
29590,77
29595,49
29597,130
29602,117
29604,107
29606,17
29609,57
29611,130
29617,41
29621,59
29622,115
29626,94
29627,134
29628,136
29634,84
29635,66
29637,19
29638,93
29643,50
29645,38
29646,103
29650,147
29652,136
29654,24
29656,96
29657,104
29658,141
29666,6
29670,91
29671,28
29676,117
29677,58
29683,81
29684,125
29688,3
29692,87
29694,100
29696,90
29697,117
29701,115
29702,2
29703,148
29705,42
29709,104
29713,112
29716,67
29717,93
29718,39
29723,39
29724,63
29728,146
29730,124
29732,80
29737,93
29741,127
29744,121
29745,101
29750,49
29751,114
29757,63
29759,33
29761,144
29764,67
29765,144
29766,58
29769,54
29779,1
29782,6
29788,96
29789,99
29790,95
29793,99
29798,138
29799,106
29802,103
29807,2
29811,23
29813,97
29815,4
29816,56
29819,39
29822,51
29828,115
29833,139
29842,140
29843,82
29844,60
29849,34
29850,36
29852,44
29857,7
29858,9
29859,77
29860,2
29866,20
29868,138
29870,135
29872,43
29882,2
29888,124
29892,59
29893,62
29894,145
29895,96
29904,148
29905,93
29910,82
29912,85
29913,64
29914,35
29915,43
29923,148
29925,66
29927,79
29929,29
29930,48
29931,122
29934,112
29935,73
29940,72
29943,138
29944,144
29946,86
29952,83
29953,125
29956,17
29958,99
29962,10
29966,7
29970,125
29972,51
29979,77
29981,11
29983,147
29984,137
29988,118
29992,52
29993,108
29994,39
29995,83
29998,98
